timestamp,datetime_utc,handler,error_rate
1780080120,2026-05-29T18:42:00,/accounts/{account_id},0.004339277239134857
1780080135,2026-05-29T18:42:15,/accounts/{account_id},0.004371883325363755
1780080150,2026-05-29T18:42:30,/accounts/{account_id},0.004143074161027481
1780080165,2026-05-29T18:42:45,/accounts/{account_id},0.0053774419712749304
1780080180,2026-05-29T18:43:00,/accounts/{account_id},0.0061749571183533445
1780080195,2026-05-29T18:43:15,/accounts/{account_id},0.005932025961337148
1780080210,2026-05-29T18:43:30,/accounts/{account_id},0.005205122936785152
1780080225,2026-05-29T18:43:45,/accounts/{account_id},0.005742411812961444
1780080240,2026-05-29T18:44:00,/accounts/{account_id},0.005820476858345022
1780080255,2026-05-29T18:44:15,/accounts/{account_id},0.005656424581005587
1780080270,2026-05-29T18:44:30,/accounts/{account_id},0.006255271296035986
1780080285,2026-05-29T18:44:45,/accounts/{account_id},0.00604292560950198
1780080300,2026-05-29T18:45:00,/accounts/{account_id},0.006011883956658512
1780080315,2026-05-29T18:45:15,/accounts/{account_id},0.006428172163219676
1780080330,2026-05-29T18:45:30,/accounts/{account_id},0.0059353254195661075
1780080345,2026-05-29T18:45:45,/accounts/{account_id},0.005649717514124295
1780080360,2026-05-29T18:46:00,/accounts/{account_id},0.0060369074569527345
1780080375,2026-05-29T18:46:15,/accounts/{account_id},0.005767167381974249
1780080390,2026-05-29T18:46:30,/accounts/{account_id},0.006166982922201138
1780080405,2026-05-29T18:46:45,/accounts/{account_id},0.0062495707712382385
1780080420,2026-05-29T18:47:00,/accounts/{account_id},0.006181318681318681
1780080435,2026-05-29T18:47:15,/accounts/{account_id},0.006091782861784215
1780080450,2026-05-29T18:47:30,/accounts/{account_id},0.006017172604962477
1780080465,2026-05-29T18:47:45,/accounts/{account_id},0.0047163362952836645
1780080480,2026-05-29T18:48:00,/accounts/{account_id},0.004344284550638067
1780080495,2026-05-29T18:48:15,/accounts/{account_id},0.004256181597081475
1780080510,2026-05-29T18:48:30,/accounts/{account_id},0.004206606440935109
1780080525,2026-05-29T18:48:45,/accounts/{account_id},0.0037009115208004937
1780080540,2026-05-29T18:49:00,/accounts/{account_id},0.0036691127418278856
1780080555,2026-05-29T18:49:15,/accounts/{account_id},0.004434443047190416
1780080570,2026-05-29T18:49:30,/accounts/{account_id},0.004223433242506812
1780080585,2026-05-29T18:49:45,/accounts/{account_id},0.004073587385019711
1780080600,2026-05-29T18:50:00,/accounts/{account_id},0.004045676998368678
1780080615,2026-05-29T18:50:15,/accounts/{account_id},0.00361850607392091
1780080630,2026-05-29T18:50:30,/accounts/{account_id},0.003424883092932886
1780080645,2026-05-29T18:50:45,/accounts/{account_id},0.003379915502112447
1780080660,2026-05-29T18:51:00,/accounts/{account_id},0.0037740760020822488
1780080675,2026-05-29T18:51:15,/accounts/{account_id},0.0038157894736842103
1780080690,2026-05-29T18:51:30,/accounts/{account_id},0.0036632432786027347
1780080705,2026-05-29T18:51:45,/accounts/{account_id},0.003465759578974392
1780080720,2026-05-29T18:52:00,/accounts/{account_id},0.0037086770253852543
1780080735,2026-05-29T18:52:15,/accounts/{account_id},0.004195620820768324
1780080750,2026-05-29T18:52:30,/accounts/{account_id},0.003962582824477068
1780080765,2026-05-29T18:52:45,/accounts/{account_id},0.0038160656363289444
1780080780,2026-05-29T18:53:00,/accounts/{account_id},0.004351721489824651
1780080795,2026-05-29T18:53:15,/accounts/{account_id},0.004383420357119834
1780080810,2026-05-29T18:53:30,/accounts/{account_id},0.004098102263413404
1780080825,2026-05-29T18:53:45,/accounts/{account_id},0.004314720812182741
1780080840,2026-05-29T18:54:00,/accounts/{account_id},0.0035883634499551454
1780080855,2026-05-29T18:54:15,/accounts/{account_id},0.003012627395679764
1780080870,2026-05-29T18:54:30,/accounts/{account_id},0.003120820329915292
1780080885,2026-05-29T18:54:45,/accounts/{account_id},0.0051374261494991
1780080900,2026-05-29T18:55:00,/accounts/{account_id},0.006261947135983125
1780080915,2026-05-29T18:55:15,/accounts/{account_id},0.007989521938441388
1780080930,2026-05-29T18:55:30,/accounts/{account_id},0.0138601985739988
1780080945,2026-05-29T18:55:45,/accounts/{account_id},0.019869772437403503
1780080960,2026-05-29T18:56:00,/accounts/{account_id},0.02605819212853575
1780080975,2026-05-29T18:56:15,/accounts/{account_id},0.02762469480292989
1780080990,2026-05-29T18:56:30,/accounts/{account_id},0.03840441332484617
1780081005,2026-05-29T18:56:45,/accounts/{account_id},0.043177160624690826
1780081020,2026-05-29T18:57:00,/accounts/{account_id},0.049896789807103714
1780081035,2026-05-29T18:57:15,/accounts/{account_id},0.05259786476868328
1780081050,2026-05-29T18:57:30,/accounts/{account_id},0.05350807327492579
1780081065,2026-05-29T18:57:45,/accounts/{account_id},0.0539906103286385
1780081080,2026-05-29T18:58:00,/accounts/{account_id},0.05384393895767348
1780081095,2026-05-29T18:58:15,/accounts/{account_id},0.05610316460386867
1780081110,2026-05-29T18:58:30,/accounts/{account_id},0.05858477561648032
1780081125,2026-05-29T18:58:45,/accounts/{account_id},0.05849328579015249
1780081140,2026-05-29T18:59:00,/accounts/{account_id},0.059134431252393725
1780081155,2026-05-29T18:59:15,/accounts/{account_id},0.05863142705247968
1780081170,2026-05-29T18:59:30,/accounts/{account_id},0.05683770259167974
1780081185,2026-05-29T18:59:45,/accounts/{account_id},0.05535109671720889
1780081200,2026-05-29T19:00:00,/accounts/{account_id},0.053697119222117416
1780081215,2026-05-29T19:00:15,/accounts/{account_id},0.04793608521970707
1780081230,2026-05-29T19:00:30,/accounts/{account_id},0.03978839132702481
1780081245,2026-05-29T19:00:45,/accounts/{account_id},0.03689458689458689
1780081260,2026-05-29T19:01:00,/accounts/{account_id},0.031839280533797504
1780081275,2026-05-29T19:01:15,/accounts/{account_id},0.025803241398919534
1780081290,2026-05-29T19:01:30,/accounts/{account_id},0.018773023519410598
1780081305,2026-05-29T19:01:45,/accounts/{account_id},0.011714512979969628
1780081320,2026-05-29T19:02:00,/accounts/{account_id},0.009250759127180283
1780081335,2026-05-29T19:02:15,/accounts/{account_id},0.008371119637251482
1780081350,2026-05-29T19:02:30,/accounts/{account_id},0.00809016733508505
1780081365,2026-05-29T19:02:45,/accounts/{account_id},0.008127822160472385
1780081380,2026-05-29T19:03:00,/accounts/{account_id},0.007381370826010544
1780081395,2026-05-29T19:03:15,/accounts/{account_id},0.006192802587215302
1780081410,2026-05-29T19:03:30,/accounts/{account_id},0.005529387671513414
1780081425,2026-05-29T19:03:45,/accounts/{account_id},0.005597269624573379
1780081440,2026-05-29T19:04:00,/accounts/{account_id},0.0056520258767449785
1780081455,2026-05-29T19:04:15,/accounts/{account_id},0.005647411036265906
1780081470,2026-05-29T19:04:30,/accounts/{account_id},0.004810665933612811
1780081485,2026-05-29T19:04:45,/accounts/{account_id},0.005272407732864674
1780081500,2026-05-29T19:05:00,/accounts/{account_id},0.005155347814132527
1780081515,2026-05-29T19:05:15,/accounts/{account_id},0.0046735302086155514
1780081530,2026-05-29T19:05:30,/accounts/{account_id},0.005110617981305897
1780081545,2026-05-29T19:05:45,/accounts/{account_id},0.005187080710975863
1780081560,2026-05-29T19:06:00,/accounts/{account_id},0.0061374795417348605
1780081575,2026-05-29T19:06:15,/accounts/{account_id},0.006170300287947347
1780081590,2026-05-29T19:06:30,/accounts/{account_id},0.006127868182746647
1780081605,2026-05-29T19:06:45,/accounts/{account_id},0.004584958598508178
1780081620,2026-05-29T19:07:00,/accounts/{account_id},0.004530394211914261
1780081635,2026-05-29T19:07:15,/accounts/{account_id},0.005154988808247982
1780081650,2026-05-29T19:07:30,/accounts/{account_id},0.005016492578339748
1780081665,2026-05-29T19:07:45,/accounts/{account_id},0.00487904045537711
1780081680,2026-05-29T19:08:00,/accounts/{account_id},0.004834486000134292
1780081695,2026-05-29T19:08:15,/accounts/{account_id},0.005117845117845118
1780081710,2026-05-29T19:08:30,/accounts/{account_id},0.005124056094929882
1780081725,2026-05-29T19:08:45,/accounts/{account_id},0.005092468507102654
1780081740,2026-05-29T19:09:00,/accounts/{account_id},0.005264578833693305
1780081755,2026-05-29T19:09:15,/accounts/{account_id},0.005610003379520109
1780081770,2026-05-29T19:09:30,/accounts/{account_id},0.0054757015742642025
1780081785,2026-05-29T19:09:45,/accounts/{account_id},0.006813275769023205
1780081800,2026-05-29T19:10:00,/accounts/{account_id},0.008168028004667444
1780081815,2026-05-29T19:10:15,/accounts/{account_id},0.007685858021240916
1780081830,2026-05-29T19:10:30,/accounts/{account_id},0.007669035390135792
1780081845,2026-05-29T19:10:45,/accounts/{account_id},0.007427976397084346
1780081860,2026-05-29T19:11:00,/accounts/{account_id},0.00676414320852692
1780081875,2026-05-29T19:11:15,/accounts/{account_id},0.006594474524503679
1780081890,2026-05-29T19:11:30,/accounts/{account_id},0.006566668970761041
1780081905,2026-05-29T19:11:45,/accounts/{account_id},0.007617051013277429
1780081920,2026-05-29T19:12:00,/accounts/{account_id},0.008105441217930647
1780081935,2026-05-29T19:12:15,/accounts/{account_id},0.008032985000355443
1780081950,2026-05-29T19:12:30,/accounts/{account_id},0.008518127419922562
1780081965,2026-05-29T19:12:45,/accounts/{account_id},0.008515130190007037
1780081980,2026-05-29T19:13:00,/accounts/{account_id},0.008448540706605223
1780081995,2026-05-29T19:13:15,/accounts/{account_id},0.008291636883488204
1780082010,2026-05-29T19:13:30,/accounts/{account_id},0.009156729131175469
1780082025,2026-05-29T19:13:45,/accounts/{account_id},0.009141410589972577
1780082040,2026-05-29T19:14:00,/accounts/{account_id},0.009566280658850608
1780082055,2026-05-29T19:14:15,/accounts/{account_id},0.009081735620585266
1780082070,2026-05-29T19:14:30,/accounts/{account_id},0.0076885440693366894
1780082085,2026-05-29T19:14:45,/accounts/{account_id},0.006395550921098365
1780082100,2026-05-29T19:15:00,/accounts/{account_id},0.006057617806578855
1780082115,2026-05-29T19:15:15,/accounts/{account_id},0.007693403618749109
1780082130,2026-05-29T19:15:30,/accounts/{account_id},0.007280695553827666
1780082145,2026-05-29T19:15:45,/accounts/{account_id},0.007458563535911603
1780082160,2026-05-29T19:16:00,/accounts/{account_id},0.006910994764397905
1780082175,2026-05-29T19:16:15,/accounts/{account_id},0.006503605259437296
1780082190,2026-05-29T19:16:30,/accounts/{account_id},0.007545863620629976
1780082205,2026-05-29T19:16:45,/accounts/{account_id},0.0066588865243358275
1780082220,2026-05-29T19:17:00,/accounts/{account_id},0.006406324541675185
1780082235,2026-05-29T19:17:15,/accounts/{account_id},0.005778756191524491
1780082250,2026-05-29T19:17:30,/accounts/{account_id},0.005745554035567715
1780082265,2026-05-29T19:17:45,/accounts/{account_id},0.006017916980099843
1780082280,2026-05-29T19:18:00,/accounts/{account_id},0.008984058362604701
1780082295,2026-05-29T19:18:15,/accounts/{account_id},0.008077544426494346
1780082310,2026-05-29T19:18:30,/accounts/{account_id},0.007730241236838598
1780082325,2026-05-29T19:18:45,/accounts/{account_id},0.007926661152467604
1780082340,2026-05-29T19:19:00,/accounts/{account_id},0.007634619282480914
1780082355,2026-05-29T19:19:15,/accounts/{account_id},0.008454106280193236
1780082370,2026-05-29T19:19:30,/accounts/{account_id},0.00929944203347799
1780082385,2026-05-29T19:19:45,/accounts/{account_id},0.009242776940983159
1780082400,2026-05-29T19:20:00,/accounts/{account_id},0.008771337966399029
1780082415,2026-05-29T19:20:15,/accounts/{account_id},0.008512064343163539
1780082430,2026-05-29T19:20:30,/accounts/{account_id},0.008611337130458366
1780082445,2026-05-29T19:20:45,/accounts/{account_id},0.008142217397204506
1780082460,2026-05-29T19:21:00,/accounts/{account_id},0.008099605060579692
1780082475,2026-05-29T19:21:15,/accounts/{account_id},0.007567133194937387
1780082490,2026-05-29T19:21:30,/accounts/{account_id},0.007106737734044007
1780082505,2026-05-29T19:21:45,/accounts/{account_id},0.00714670981661273
1780082520,2026-05-29T19:22:00,/accounts/{account_id},0.006705171612560578
1780082535,2026-05-29T19:22:15,/accounts/{account_id},0.0063198509845662585
1780082550,2026-05-29T19:22:30,/accounts/{account_id},0.006929347826086956
1780082565,2026-05-29T19:22:45,/accounts/{account_id},0.004938601174586226
1780082580,2026-05-29T19:23:00,/accounts/{account_id},0.0037997466835544298
1780082595,2026-05-29T19:23:15,/accounts/{account_id},0.004168908015061861
1780082610,2026-05-29T19:23:30,/accounts/{account_id},0.004487048745665919
1780082625,2026-05-29T19:23:45,/accounts/{account_id},0.004511176945865877
1780082640,2026-05-29T19:24:00,/accounts/{account_id},0.0044993620307568335
1780082655,2026-05-29T19:24:15,/accounts/{account_id},0.004116920543433511
1780082670,2026-05-29T19:24:30,/accounts/{account_id},0.004541449196773537
1780082685,2026-05-29T19:24:45,/accounts/{account_id},0.004638925431004639
1780082700,2026-05-29T19:25:00,/accounts/{account_id},0.003973063973063973
1780082715,2026-05-29T19:25:15,/accounts/{account_id},0.004123427943096694
1780082730,2026-05-29T19:25:30,/accounts/{account_id},0.00407249032783547
1780082745,2026-05-29T19:25:45,/accounts/{account_id},0.004398727752588482
1780082760,2026-05-29T19:26:00,/accounts/{account_id},0.004642712959224869
1780082775,2026-05-29T19:26:15,/accounts/{account_id},0.005454793399699986
1780082790,2026-05-29T19:26:30,/accounts/{account_id},0.005301524188204109
1780082805,2026-05-29T19:26:45,/accounts/{account_id},0.005309011707051457
1780082820,2026-05-29T19:27:00,/accounts/{account_id},0.005940326717969489
1780082835,2026-05-29T19:27:15,/accounts/{account_id},0.005983545250560958
1780082850,2026-05-29T19:27:30,/accounts/{account_id},0.005415886600695374
1780082865,2026-05-29T19:27:45,/accounts/{account_id},0.00523068669527897
1780082880,2026-05-29T19:28:00,/accounts/{account_id},0.005459692639525479
1780082895,2026-05-29T19:28:15,/accounts/{account_id},0.005822219213323405
1780082910,2026-05-29T19:28:30,/accounts/{account_id},0.005951978356442341
1780082925,2026-05-29T19:28:45,/accounts/{account_id},0.0055349308133648325
1780082940,2026-05-29T19:29:00,/accounts/{account_id},0.004805382027871216
1780082955,2026-05-29T19:29:15,/accounts/{account_id},0.0046830460160173755
1780082970,2026-05-29T19:29:30,/accounts/{account_id},0.004172274562584118
1780082985,2026-05-29T19:29:45,/accounts/{account_id},0.004071108698602253
1780083000,2026-05-29T19:30:00,/accounts/{account_id},0.004115226337448559
1780083015,2026-05-29T19:30:15,/accounts/{account_id},0.004189848203860155
1780083030,2026-05-29T19:30:30,/accounts/{account_id},0.004417952314165498
1780083045,2026-05-29T19:30:45,/accounts/{account_id},0.004011065006915629
1780083060,2026-05-29T19:31:00,/accounts/{account_id},0.0036651095939633487
1780083075,2026-05-29T19:31:15,/accounts/{account_id},0.004100388829975256
1780083090,2026-05-29T19:31:30,/accounts/{account_id},0.0040559440559440555
1780083105,2026-05-29T19:31:45,/accounts/{account_id},0.003452406115690833
1780083120,2026-05-29T19:32:00,/accounts/{account_id},0.003472704542297541
1780083135,2026-05-29T19:32:15,/accounts/{account_id},0.0038626308027249106
1780083150,2026-05-29T19:32:30,/accounts/{account_id},0.005391217989643187
1780083165,2026-05-29T19:32:45,/accounts/{account_id},0.005502063273727648
1780083180,2026-05-29T19:33:00,/accounts/{account_id},0.00483754512635379
1780083195,2026-05-29T19:33:15,/accounts/{account_id},0.004210526315789474
1780083210,2026-05-29T19:33:30,/accounts/{account_id},0.004276245456489202
1780083225,2026-05-29T19:33:45,/accounts/{account_id},0.004269854824935952
1780083240,2026-05-29T19:34:00,/accounts/{account_id},0.004037310316023945
1780083255,2026-05-29T19:34:15,/accounts/{account_id},0.00401078763570984
1780083270,2026-05-29T19:34:30,/accounts/{account_id},0.0042313117066290545
1780083285,2026-05-29T19:34:45,/accounts/{account_id},0.004221745449512077
1780083300,2026-05-29T19:35:00,/accounts/{account_id},0.003808073115003807
1780083315,2026-05-29T19:35:15,/accounts/{account_id},0.004916075567104432
1780083330,2026-05-29T19:35:30,/accounts/{account_id},0.004984768762115757
1780083345,2026-05-29T19:35:45,/accounts/{account_id},0.0055471853170798524
1780083360,2026-05-29T19:36:00,/accounts/{account_id},0.0042801820775867925
1780083375,2026-05-29T19:36:15,/accounts/{account_id},0.004269449715370019
1780083390,2026-05-29T19:36:30,/accounts/{account_id},0.004320987654320987
1780083405,2026-05-29T19:36:45,/accounts/{account_id},0.005024779735682819
1780083420,2026-05-29T19:37:00,/accounts/{account_id},0.005390835579514825
1780083435,2026-05-29T19:37:15,/accounts/{account_id},0.0046261650452411734
1780083450,2026-05-29T19:37:30,/accounts/{account_id},0.0039750894395123885
1780083465,2026-05-29T19:37:45,/accounts/{account_id},0.004435911016949153
1780083480,2026-05-29T19:38:00,/accounts/{account_id},0.004240095402146549
1780083495,2026-05-29T19:38:15,/accounts/{account_id},0.004320529264834942
1780083510,2026-05-29T19:38:30,/accounts/{account_id},0.004830269690057695
1780083525,2026-05-29T19:38:45,/accounts/{account_id},0.005490780911062906
1780083540,2026-05-29T19:39:00,/accounts/{account_id},0.005677542923592585
1780083555,2026-05-29T19:39:15,/accounts/{account_id},0.005780346820809249
1780083570,2026-05-29T19:39:30,/accounts/{account_id},0.005612209978783109
1780083585,2026-05-29T19:39:45,/accounts/{account_id},0.005962579672400795
1780083600,2026-05-29T19:40:00,/accounts/{account_id},0.00570446735395189
1780083615,2026-05-29T19:40:15,/accounts/{account_id},0.005474705474705475
1780083630,2026-05-29T19:40:30,/accounts/{account_id},0.005500101853738033
1780083645,2026-05-29T19:40:45,/accounts/{account_id},0.004940109629830141
1780083660,2026-05-29T19:41:00,/accounts/{account_id},0.005187439479872735
1780083675,2026-05-29T19:41:15,/accounts/{account_id},0.006190246922071669
1780083690,2026-05-29T19:41:30,/accounts/{account_id},0.005930874633581021
1780083705,2026-05-29T19:41:45,/accounts/{account_id},0.005502717391304348
1780083720,2026-05-29T19:42:00,/accounts/{account_id},0.005629691409507924
1780083735,2026-05-29T19:42:15,/accounts/{account_id},0.005795717987181236
1780083750,2026-05-29T19:42:30,/accounts/{account_id},0.005347231623121701
1780083765,2026-05-29T19:42:45,/accounts/{account_id},0.006147960926292779
1780083780,2026-05-29T19:43:00,/accounts/{account_id},0.006257305920374062
1780083795,2026-05-29T19:43:15,/accounts/{account_id},0.008177729317159602
1780083810,2026-05-29T19:43:30,/accounts/{account_id},0.007561563169164883
1780083825,2026-05-29T19:43:45,/accounts/{account_id},0.0071128573364042805
1780083840,2026-05-29T19:44:00,/accounts/{account_id},0.006846128281821203
1780083855,2026-05-29T19:44:15,/accounts/{account_id},0.007221182134260499
1780083870,2026-05-29T19:44:30,/accounts/{account_id},0.008079719903043361
1780083885,2026-05-29T19:44:45,/accounts/{account_id},0.007953922106417993
1780083900,2026-05-29T19:45:00,/accounts/{account_id},0.007559098405717427
1780083915,2026-05-29T19:45:15,/accounts/{account_id},0.007671043538355217
1780083930,2026-05-29T19:45:30,/accounts/{account_id},0.007733738433917968
1780083945,2026-05-29T19:45:45,/accounts/{account_id},0.009794180269694818
1780083960,2026-05-29T19:46:00,/accounts/{account_id},0.008658008658008658
1780083975,2026-05-29T19:46:15,/accounts/{account_id},0.009179494421691851
1780083990,2026-05-29T19:46:30,/accounts/{account_id},0.010203343223098632
1780084005,2026-05-29T19:46:45,/accounts/{account_id},0.009803209643453634
1780084020,2026-05-29T19:47:00,/accounts/{account_id},0.009527195165303946
1780084035,2026-05-29T19:47:15,/accounts/{account_id},0.009876896650443744
1780084050,2026-05-29T19:47:30,/accounts/{account_id},0.0092899800928998
1780084065,2026-05-29T19:47:45,/accounts/{account_id},0.008753825350508861
1780084080,2026-05-29T19:48:00,/accounts/{account_id},0.00773805259009816
1780084095,2026-05-29T19:48:15,/accounts/{account_id},0.0067762399077277964
1780084110,2026-05-29T19:48:30,/accounts/{account_id},0.007371913011426466
1780084125,2026-05-29T19:48:45,/accounts/{account_id},0.00787799942179821
1780084140,2026-05-29T19:49:00,/accounts/{account_id},0.007523148148148148
1780084155,2026-05-29T19:49:15,/accounts/{account_id},0.007392521352185458
1780084170,2026-05-29T19:49:30,/accounts/{account_id},0.007144403550552068
1780084185,2026-05-29T19:49:45,/accounts/{account_id},0.0070886438493484175
1780084200,2026-05-29T19:50:00,/accounts/{account_id},0.007096728408203818
1780084215,2026-05-29T19:50:15,/accounts/{account_id},0.007268063274903805
1780084230,2026-05-29T19:50:30,/accounts/{account_id},0.008248009101251421
1780084245,2026-05-29T19:50:45,/accounts/{account_id},0.006278659611992946
1780084260,2026-05-29T19:51:00,/accounts/{account_id},0.006748207507380851
1780084275,2026-05-29T19:51:15,/accounts/{account_id},0.005838491840180079
1780084290,2026-05-29T19:51:30,/accounts/{account_id},0.006543227063900876
1780084305,2026-05-29T19:51:45,/accounts/{account_id},0.006392245012644001
1780084320,2026-05-29T19:52:00,/accounts/{account_id},0.006439742410303587
1780084335,2026-05-29T19:52:15,/accounts/{account_id},0.006197751513404439
1780084350,2026-05-29T19:52:30,/accounts/{account_id},0.006678155967255493
1780084365,2026-05-29T19:52:45,/accounts/{account_id},0.006821088532044905
1780084380,2026-05-29T19:53:00,/accounts/{account_id},0.006586868758410652
1780084395,2026-05-29T19:53:15,/accounts/{account_id},0.0066726906234795295
1780084410,2026-05-29T19:53:30,/accounts/{account_id},0.005768696135668614
1780084425,2026-05-29T19:53:45,/accounts/{account_id},0.009275525261752512
1780084440,2026-05-29T19:54:00,/accounts/{account_id},0.014366757533338246
1780084455,2026-05-29T19:54:15,/accounts/{account_id},0.022148233931673422
1780084470,2026-05-29T19:54:30,/accounts/{account_id},0.02628513178971895
1780084485,2026-05-29T19:54:45,/accounts/{account_id},0.03244573730140971
1780084500,2026-05-29T19:55:00,/accounts/{account_id},0.04240388204553938
1780084515,2026-05-29T19:55:15,/accounts/{account_id},0.04586534116583823
1780084530,2026-05-29T19:55:30,/accounts/{account_id},0.04979004199160168
1780084545,2026-05-29T19:55:45,/accounts/{account_id},0.056306474497797035
1780084560,2026-05-29T19:56:00,/accounts/{account_id},0.06223292673451946
1780084575,2026-05-29T19:56:15,/accounts/{account_id},0.07002070710944092
1780084590,2026-05-29T19:56:30,/accounts/{account_id},0.077624864697696
1780084605,2026-05-29T19:56:45,/accounts/{account_id},0.0836800376795667
1780084620,2026-05-29T19:57:00,/accounts/{account_id},0.0875444289908824
1780084635,2026-05-29T19:57:15,/accounts/{account_id},0.08646874761505
1780084650,2026-05-29T19:57:30,/accounts/{account_id},0.084668884185062
1780084665,2026-05-29T19:57:45,/accounts/{account_id},0.08604031951312285
1780084680,2026-05-29T19:58:00,/accounts/{account_id},0.08538339262735599
1780084695,2026-05-29T19:58:15,/accounts/{account_id},0.08637059724349157
1780084710,2026-05-29T19:58:30,/accounts/{account_id},0.08505956445860839
1780084725,2026-05-29T19:58:45,/accounts/{account_id},0.08015720005932078
1780084740,2026-05-29T19:59:00,/accounts/{account_id},0.07486709982279977
1780084755,2026-05-29T19:59:15,/accounts/{account_id},0.06549896967912863
1780084770,2026-05-29T19:59:30,/accounts/{account_id},0.058907431179574955
1780084785,2026-05-29T19:59:45,/accounts/{account_id},0.050124245651402194
1780084800,2026-05-29T20:00:00,/accounts/{account_id},0.04438424671806626
1780084815,2026-05-29T20:00:15,/accounts/{account_id},0.037840460184350964
1780084830,2026-05-29T20:00:30,/accounts/{account_id},0.03090783090783091
1780084845,2026-05-29T20:00:45,/accounts/{account_id},0.028120106216381835
1780084860,2026-05-29T20:01:00,/accounts/{account_id},0.01990664470071389
1780084875,2026-05-29T20:01:15,/accounts/{account_id},0.018353504455379706
1780084890,2026-05-29T20:01:30,/accounts/{account_id},0.010558761804826861
1780084905,2026-05-29T20:01:45,/accounts/{account_id},0.005448142980532854
1780084920,2026-05-29T20:02:00,/accounts/{account_id},0.005719545066070607
1780084935,2026-05-29T20:02:15,/accounts/{account_id},0.006067801081651497
1780084950,2026-05-29T20:02:30,/accounts/{account_id},0.0056489576328177535
1780084965,2026-05-29T20:02:45,/accounts/{account_id},0.0059673783317862345
1780084980,2026-05-29T20:03:00,/accounts/{account_id},0.005947660586835843
1780084995,2026-05-29T20:03:15,/accounts/{account_id},0.00598093986197831
1780085010,2026-05-29T20:03:30,/accounts/{account_id},0.006963147868357092
1780085025,2026-05-29T20:03:45,/accounts/{account_id},0.005929244350747743
1780085040,2026-05-29T20:04:00,/accounts/{account_id},0.006924751038712655
1780085055,2026-05-29T20:04:15,/accounts/{account_id},0.0071961620469083165
1780085070,2026-05-29T20:04:30,/accounts/{account_id},0.007967856169980933
1780085085,2026-05-29T20:04:45,/accounts/{account_id},0.00814030443414957
1780085100,2026-05-29T20:05:00,/accounts/{account_id},0.007942811755361398
1780085115,2026-05-29T20:05:15,/accounts/{account_id},0.009040749850428772
1780085130,2026-05-29T20:05:30,/accounts/{account_id},0.008945513689346707
1780085145,2026-05-29T20:05:45,/accounts/{account_id},0.008119883813044626
1780085160,2026-05-29T20:06:00,/accounts/{account_id},0.008298199826005487
1780085175,2026-05-29T20:06:15,/accounts/{account_id},0.008134453781512604
1780085190,2026-05-29T20:06:30,/accounts/{account_id},0.007640418502202643
1780085205,2026-05-29T20:06:45,/accounts/{account_id},0.008175123302479563
1780085220,2026-05-29T20:07:00,/accounts/{account_id},0.0083829096809086
1780085235,2026-05-29T20:07:15,/accounts/{account_id},0.009256642170717918
1780085250,2026-05-29T20:07:30,/accounts/{account_id},0.009389023127373145
1780085265,2026-05-29T20:07:45,/accounts/{account_id},0.009617409617409617
1780085280,2026-05-29T20:08:00,/accounts/{account_id},0.009671848013816925
1780085295,2026-05-29T20:08:15,/accounts/{account_id},0.0106458481192335
1780085310,2026-05-29T20:08:30,/accounts/{account_id},0.009400459578023814
1780085325,2026-05-29T20:08:45,/accounts/{account_id},0.009140508750797137
1780085340,2026-05-29T20:09:00,/accounts/{account_id},0.00991689363782387
1780085355,2026-05-29T20:09:15,/accounts/{account_id},0.009377479622015437
1780085370,2026-05-29T20:09:30,/accounts/{account_id},0.009629682078878425
1780085385,2026-05-29T20:09:45,/accounts/{account_id},0.009919766593727206
1780085400,2026-05-29T20:10:00,/accounts/{account_id},0.010425654299683635
1780085415,2026-05-29T20:10:15,/accounts/{account_id},0.009625126646403243
1780085430,2026-05-29T20:10:30,/accounts/{account_id},0.009782061425591598
1780085445,2026-05-29T20:10:45,/accounts/{account_id},0.01025603724178062
1780085460,2026-05-29T20:11:00,/accounts/{account_id},0.009697579196896775
1780085475,2026-05-29T20:11:15,/accounts/{account_id},0.01018067106395182
1780085490,2026-05-29T20:11:30,/accounts/{account_id},0.0103026400515132
1780085505,2026-05-29T20:11:45,/accounts/{account_id},0.010320438799076213
1780085520,2026-05-29T20:12:00,/accounts/{account_id},0.009204035048965466
1780085535,2026-05-29T20:12:15,/accounts/{account_id},0.008443309209592735
1780085550,2026-05-29T20:12:30,/accounts/{account_id},0.007935940516193608
1780085565,2026-05-29T20:12:45,/accounts/{account_id},0.01375585163845877
1780085580,2026-05-29T20:13:00,/accounts/{account_id},0.01927072139838097
1780085595,2026-05-29T20:13:15,/accounts/{account_id},0.0230879199428163
1780085610,2026-05-29T20:13:30,/accounts/{account_id},0.02883565135076094
1780085625,2026-05-29T20:13:45,/accounts/{account_id},0.031166195549757195
1780085640,2026-05-29T20:14:00,/accounts/{account_id},0.03334546778303604
1780085655,2026-05-29T20:14:15,/accounts/{account_id},0.03764106297779395
1780085670,2026-05-29T20:14:30,/accounts/{account_id},0.042653684057549775
1780085685,2026-05-29T20:14:45,/accounts/{account_id},0.04600780831355737
1780085700,2026-05-29T20:15:00,/accounts/{account_id},0.05138542735669257
1780085715,2026-05-29T20:15:15,/accounts/{account_id},0.05702312355010103
1780085730,2026-05-29T20:15:30,/accounts/{account_id},0.06196030904408422
1780085745,2026-05-29T20:15:45,/accounts/{account_id},0.06513468269669762
1780085760,2026-05-29T20:16:00,/accounts/{account_id},0.06572519083969466
1780085775,2026-05-29T20:16:15,/accounts/{account_id},0.06457439602619101
1780085790,2026-05-29T20:16:30,/accounts/{account_id},0.06540084388185655
1780085805,2026-05-29T20:16:45,/accounts/{account_id},0.06438797691327486
1780085820,2026-05-29T20:17:00,/accounts/{account_id},0.06430436404326743
1780085835,2026-05-29T20:17:15,/accounts/{account_id},0.06640006036369124
1780085850,2026-05-29T20:17:30,/accounts/{account_id},0.0631698113207547
1780085865,2026-05-29T20:17:45,/accounts/{account_id},0.05551415797317436
1780085880,2026-05-29T20:18:00,/accounts/{account_id},0.050967646624316736
1780085895,2026-05-29T20:18:15,/accounts/{account_id},0.04699662211778528
1780085910,2026-05-29T20:18:30,/accounts/{account_id},0.045394736842105265
1780085925,2026-05-29T20:18:45,/accounts/{account_id},0.04178706379195377
1780085940,2026-05-29T20:19:00,/accounts/{account_id},0.04062408007065057
1780085955,2026-05-29T20:19:15,/accounts/{account_id},0.036438135655227924
1780085970,2026-05-29T20:19:30,/accounts/{account_id},0.031196089706728002
1780085985,2026-05-29T20:19:45,/accounts/{account_id},0.02548703676578292
1780086000,2026-05-29T20:20:00,/accounts/{account_id},0.020469943779731874
1780086015,2026-05-29T20:20:15,/accounts/{account_id},0.016545287421339178
1780086030,2026-05-29T20:20:30,/accounts/{account_id},0.011692084241103849
1780086045,2026-05-29T20:20:45,/accounts/{account_id},0.011025819958129797
1780086060,2026-05-29T20:21:00,/accounts/{account_id},0.010874140592114495
1780086075,2026-05-29T20:21:15,/accounts/{account_id},0.008961554248187167
1780086090,2026-05-29T20:21:30,/accounts/{account_id},0.009058847935827398
1780086105,2026-05-29T20:21:45,/accounts/{account_id},0.008749145591250854
1780086120,2026-05-29T20:22:00,/accounts/{account_id},0.00888135593220339
1780086135,2026-05-29T20:22:15,/accounts/{account_id},0.00816519333288346
1780086150,2026-05-29T20:22:30,/accounts/{account_id},0.00834943417057687
1780086165,2026-05-29T20:22:45,/accounts/{account_id},0.008703399122807017
1780086180,2026-05-29T20:23:00,/accounts/{account_id},0.008758812219611193
1780086195,2026-05-29T20:23:15,/accounts/{account_id},0.00672834314550042
1780086210,2026-05-29T20:23:30,/accounts/{account_id},0.005963938973647711
1780086225,2026-05-29T20:23:45,/accounts/{account_id},0.005051884216275259
1780086240,2026-05-29T20:24:00,/accounts/{account_id},0.004045580203627537
1780086255,2026-05-29T20:24:15,/accounts/{account_id},0.0041118975396022914
1780086270,2026-05-29T20:24:30,/accounts/{account_id},0.004330175913396482
1780086285,2026-05-29T20:24:45,/accounts/{account_id},0.004449238236483754
1780086300,2026-05-29T20:25:00,/accounts/{account_id},0.004006410256410256
1780086315,2026-05-29T20:25:15,/accounts/{account_id},0.004536529216602343
1780086330,2026-05-29T20:25:30,/accounts/{account_id},0.0048067158621623455
1780086345,2026-05-29T20:25:45,/accounts/{account_id},0.0052588444201611805
1780086360,2026-05-29T20:26:00,/accounts/{account_id},0.00542656958373403
1780086375,2026-05-29T20:26:15,/accounts/{account_id},0.006987577639751552
1780086390,2026-05-29T20:26:30,/accounts/{account_id},0.007493576934056522
1780086405,2026-05-29T20:26:45,/accounts/{account_id},0.0068769939737681664
1780086420,2026-05-29T20:27:00,/accounts/{account_id},0.006544593747824271
1780086435,2026-05-29T20:27:15,/accounts/{account_id},0.006040363843092666
1780086450,2026-05-29T20:27:30,/accounts/{account_id},0.0059052382937335
1780086465,2026-05-29T20:27:45,/accounts/{account_id},0.006189582029348355
1780086480,2026-05-29T20:28:00,/accounts/{account_id},0.005976520811099254
1780086495,2026-05-29T20:28:15,/accounts/{account_id},0.005963656774012489
1780086510,2026-05-29T20:28:30,/accounts/{account_id},0.006482191398898723
1780086525,2026-05-29T20:28:45,/accounts/{account_id},0.006445353108323514
1780086540,2026-05-29T20:29:00,/accounts/{account_id},0.006571509327303561
1780086555,2026-05-29T20:29:15,/accounts/{account_id},0.006043345373714921
1780086570,2026-05-29T20:29:30,/accounts/{account_id},0.006394829127415251
1780086585,2026-05-29T20:29:45,/accounts/{account_id},0.009778085991678223
1780086600,2026-05-29T20:30:00,/accounts/{account_id},0.011313816999010042
1780086615,2026-05-29T20:30:15,/accounts/{account_id},0.011017007505336364
1780086630,2026-05-29T20:30:30,/accounts/{account_id},0.011281057512630631
1780086645,2026-05-29T20:30:45,/accounts/{account_id},0.01097450857817601
1780086660,2026-05-29T20:31:00,/accounts/{account_id},0.009860028959525615
1780086675,2026-05-29T20:31:15,/accounts/{account_id},0.009208226912219385
1780086690,2026-05-29T20:31:30,/accounts/{account_id},0.00963377972123531
1780086705,2026-05-29T20:31:45,/accounts/{account_id},0.01183636741191943
1780086720,2026-05-29T20:32:00,/accounts/{account_id},0.011230697239120263
1780086735,2026-05-29T20:32:15,/accounts/{account_id},0.010979504924141603
1780086750,2026-05-29T20:32:30,/accounts/{account_id},0.011528550115285502
1780086765,2026-05-29T20:32:45,/accounts/{account_id},0.011327624570157104
1780086780,2026-05-29T20:33:00,/accounts/{account_id},0.011788860189416519
1780086795,2026-05-29T20:33:15,/accounts/{account_id},0.012244621837369775
1780086810,2026-05-29T20:33:30,/accounts/{account_id},0.012768959435626101
1780086825,2026-05-29T20:33:45,/accounts/{account_id},0.013880213755291831
1780086840,2026-05-29T20:34:00,/accounts/{account_id},0.013841538251738715
1780086855,2026-05-29T20:34:15,/accounts/{account_id},0.013908205841446454
1780086870,2026-05-29T20:34:30,/accounts/{account_id},0.011310019428254232
1780086885,2026-05-29T20:34:45,/accounts/{account_id},0.009131156613171001
1780086900,2026-05-29T20:35:00,/accounts/{account_id},0.008848324392113147
1780086915,2026-05-29T20:35:15,/accounts/{account_id},0.00873572706011831
1780086930,2026-05-29T20:35:30,/accounts/{account_id},0.00800268997982515
1780086945,2026-05-29T20:35:45,/accounts/{account_id},0.009335604770017035
1780086960,2026-05-29T20:36:00,/accounts/{account_id},0.009315292037805126
1780086975,2026-05-29T20:36:15,/accounts/{account_id},0.010226546410056105
1780086990,2026-05-29T20:36:30,/accounts/{account_id},0.011602091241137293
1780087005,2026-05-29T20:36:45,/accounts/{account_id},0.011693883199557154
1780087020,2026-05-29T20:37:00,/accounts/{account_id},0.012256146203495539
1780087035,2026-05-29T20:37:15,/accounts/{account_id},0.01902929228137695
1780087050,2026-05-29T20:37:30,/accounts/{account_id},0.026137256302220954
1780087065,2026-05-29T20:37:45,/accounts/{account_id},0.027620556939098935
1780087080,2026-05-29T20:38:00,/accounts/{account_id},0.036203026573021505
1780087095,2026-05-29T20:38:15,/accounts/{account_id},0.037964633706243235
1780087110,2026-05-29T20:38:30,/accounts/{account_id},0.040149735760422786
1780087125,2026-05-29T20:38:45,/accounts/{account_id},0.04509454156261148
1780087140,2026-05-29T20:39:00,/accounts/{account_id},0.04931748128577719
1780087155,2026-05-29T20:39:15,/accounts/{account_id},0.055255474452554736
1780087170,2026-05-29T20:39:30,/accounts/{account_id},0.0586629279811098
1780087185,2026-05-29T20:39:45,/accounts/{account_id},0.05790939744905439
1780087200,2026-05-29T20:40:00,/accounts/{account_id},0.058398466302905176
1780087215,2026-05-29T20:40:15,/accounts/{account_id},0.05932584269662921
1780087230,2026-05-29T20:40:30,/accounts/{account_id},0.0580217488455236
1780087245,2026-05-29T20:40:45,/accounts/{account_id},0.057702330429603155
1780087260,2026-05-29T20:41:00,/accounts/{account_id},0.05602322206095791
1780087275,2026-05-29T20:41:15,/accounts/{account_id},0.054615162037037035
1780087290,2026-05-29T20:41:30,/accounts/{account_id},0.052879311612855785
1780087305,2026-05-29T20:41:45,/accounts/{account_id},0.05171411969785009
1780087320,2026-05-29T20:42:00,/accounts/{account_id},0.04554220442070909
1780087335,2026-05-29T20:42:15,/accounts/{account_id},0.03906705539358601
1780087350,2026-05-29T20:42:30,/accounts/{account_id},0.03596570711647034
1780087365,2026-05-29T20:42:45,/accounts/{account_id},0.02992847718908409
1780087380,2026-05-29T20:43:00,/accounts/{account_id},0.024065290178571428
1780087395,2026-05-29T20:43:15,/accounts/{account_id},0.022719328905976933
1780087410,2026-05-29T20:43:30,/accounts/{account_id},0.020969671381324325
1780087425,2026-05-29T20:43:45,/accounts/{account_id},0.015699895797151787
1780087440,2026-05-29T20:44:00,/accounts/{account_id},0.009706064569422454
1780087455,2026-05-29T20:44:15,/accounts/{account_id},0.006371608659906823
1780087470,2026-05-29T20:44:30,/accounts/{account_id},0.004162750100711696
1780087485,2026-05-29T20:44:45,/accounts/{account_id},0.004331889370209931
1780087500,2026-05-29T20:45:00,/accounts/{account_id},0.003827372310941005
1780087515,2026-05-29T20:45:15,/accounts/{account_id},0.0041496553108894985
1780087530,2026-05-29T20:45:30,/accounts/{account_id},0.0044943820224719105
1780087545,2026-05-29T20:45:45,/accounts/{account_id},0.004265813503965874
1780087560,2026-05-29T20:46:00,/accounts/{account_id},0.004299341663307806
1780087575,2026-05-29T20:46:15,/accounts/{account_id},0.0038785609201551423
1780087590,2026-05-29T20:46:30,/accounts/{account_id},0.003917402562910829
1780087605,2026-05-29T20:46:45,/accounts/{account_id},0.004632116004296456
1780087620,2026-05-29T20:47:00,/accounts/{account_id},0.004647716556648256
1780087635,2026-05-29T20:47:15,/accounts/{account_id},0.004096984350863053
1780087650,2026-05-29T20:47:30,/accounts/{account_id},0.004033884630899556
1780087665,2026-05-29T20:47:45,/accounts/{account_id},0.0036214874924552346
1780087680,2026-05-29T20:48:00,/accounts/{account_id},0.0037125430920180325
1780087695,2026-05-29T20:48:15,/accounts/{account_id},0.0035494880546075086
1780087710,2026-05-29T20:48:30,/accounts/{account_id},0.00275260154414233
1780087725,2026-05-29T20:48:45,/accounts/{account_id},0.003026634382566586
1780087740,2026-05-29T20:49:00,/accounts/{account_id},0.003463027093094316
1780087755,2026-05-29T20:49:15,/accounts/{account_id},0.003873335145419951
1780087770,2026-05-29T20:49:30,/accounts/{account_id},0.0038699164912757143
1780087785,2026-05-29T20:49:45,/accounts/{account_id},0.004136789851075565
1780087800,2026-05-29T20:50:00,/accounts/{account_id},0.003790005614823133
1780087815,2026-05-29T20:50:15,/accounts/{account_id},0.003971295199609838
1780087830,2026-05-29T20:50:30,/accounts/{account_id},0.0039785021288476306
1780087845,2026-05-29T20:50:45,/accounts/{account_id},0.004009566685424874
1780087860,2026-05-29T20:51:00,/accounts/{account_id},0.003985177934699014
1780087875,2026-05-29T20:51:15,/accounts/{account_id},0.003985177934699015
1780087890,2026-05-29T20:51:30,/accounts/{account_id},0.0038222646918299095
1780087905,2026-05-29T20:51:45,/accounts/{account_id},0.003194666296270574
1780087920,2026-05-29T20:52:00,/accounts/{account_id},0.003839977658311806
1780087935,2026-05-29T20:52:15,/accounts/{account_id},0.007121620687270967
1780087950,2026-05-29T20:52:30,/accounts/{account_id},0.010109701010970102
1780087965,2026-05-29T20:52:45,/accounts/{account_id},0.009541984732824428
1780087980,2026-05-29T20:53:00,/accounts/{account_id},0.0104277505852309
1780087995,2026-05-29T20:53:15,/accounts/{account_id},0.010753434161232136
1780088010,2026-05-29T20:53:30,/accounts/{account_id},0.010451045104510451
1780088025,2026-05-29T20:53:45,/accounts/{account_id},0.010499055085042347
1780088040,2026-05-29T20:54:00,/accounts/{account_id},0.009795918367346938
1780088055,2026-05-29T20:54:15,/accounts/{account_id},0.009753768501466475
1780088070,2026-05-29T20:54:30,/accounts/{account_id},0.009672365642667394
1780088085,2026-05-29T20:54:45,/accounts/{account_id},0.010036870135190494
1780088100,2026-05-29T20:55:00,/accounts/{account_id},0.010173831020078159
1780088115,2026-05-29T20:55:15,/accounts/{account_id},0.009875225195169146
1780088130,2026-05-29T20:55:30,/accounts/{account_id},0.009827357237715804
1780088145,2026-05-29T20:55:45,/accounts/{account_id},0.009933552587421974
1780088160,2026-05-29T20:56:00,/accounts/{account_id},0.00976317699056666
1780088175,2026-05-29T20:56:15,/accounts/{account_id},0.010338536387593758
1780088190,2026-05-29T20:56:30,/accounts/{account_id},0.010549093859886394
1780088205,2026-05-29T20:56:45,/accounts/{account_id},0.010785398230088497
1780088220,2026-05-29T20:57:00,/accounts/{account_id},0.009760956175298804
1780088235,2026-05-29T20:57:15,/accounts/{account_id},0.004644900706832716
1780088250,2026-05-29T20:57:30,/accounts/{account_id},0.004250588543029035
1780088265,2026-05-29T20:57:45,/accounts/{account_id},0.0036993769470404984
1780088280,2026-05-29T20:58:00,/accounts/{account_id},0.003649872906211302
1780088295,2026-05-29T20:58:15,/accounts/{account_id},0.00316288877174486
1780088310,2026-05-29T20:58:30,/accounts/{account_id},0.003478831637676403
1780088325,2026-05-29T20:58:45,/accounts/{account_id},0.003478146738417115
1780088340,2026-05-29T20:59:00,/accounts/{account_id},0.004046166091801538
1780088355,2026-05-29T20:59:15,/accounts/{account_id},0.004236446680346859
1780088370,2026-05-29T20:59:30,/accounts/{account_id},0.00422414362088311
1780088385,2026-05-29T20:59:45,/accounts/{account_id},0.0038678379441457974
1780088400,2026-05-29T21:00:00,/accounts/{account_id},0.0033164128595600676
1780088415,2026-05-29T21:00:15,/accounts/{account_id},0.0035402066324687525
1780088430,2026-05-29T21:00:30,/accounts/{account_id},0.006213372872978889
1780088445,2026-05-29T21:00:45,/accounts/{account_id},0.006557377049180328
1780088460,2026-05-29T21:01:00,/accounts/{account_id},0.006526211250620699
1780088475,2026-05-29T21:01:15,/accounts/{account_id},0.006042296072507553
1780088490,2026-05-29T21:01:30,/accounts/{account_id},0.006402959590210586
1780088505,2026-05-29T21:01:45,/accounts/{account_id},0.006294586655476291
1780088520,2026-05-29T21:02:00,/accounts/{account_id},0.00649258997882851
1780088535,2026-05-29T21:02:15,/accounts/{account_id},0.006105786297479588
1780088550,2026-05-29T21:02:30,/accounts/{account_id},0.006706085953273723
1780088565,2026-05-29T21:02:45,/accounts/{account_id},0.006831395348837209
1780088580,2026-05-29T21:03:00,/accounts/{account_id},0.006836991723641598
1780088595,2026-05-29T21:03:15,/accounts/{account_id},0.007235366471311772
1780088610,2026-05-29T21:03:30,/accounts/{account_id},0.006994025936179513
1780088625,2026-05-29T21:03:45,/accounts/{account_id},0.006776034236804565
1780088640,2026-05-29T21:04:00,/accounts/{account_id},0.0059137869611685075
1780088655,2026-05-29T21:04:15,/accounts/{account_id},0.006142418398685808
1780088670,2026-05-29T21:04:30,/accounts/{account_id},0.006108822275891462
1780088685,2026-05-29T21:04:45,/accounts/{account_id},0.006509838733540465
1780088700,2026-05-29T21:05:00,/accounts/{account_id},0.004312336362236254
1780088715,2026-05-29T21:05:15,/accounts/{account_id},0.003966567502479104
1780088730,2026-05-29T21:05:30,/accounts/{account_id},0.0030957622454595483
1780088745,2026-05-29T21:05:45,/accounts/{account_id},0.0031326139923424988
1780088760,2026-05-29T21:06:00,/accounts/{account_id},0.003405142460041696
1780088775,2026-05-29T21:06:15,/accounts/{account_id},0.0037026687159424343
1780088790,2026-05-29T21:06:30,/accounts/{account_id},0.0034170153417015336
1780088805,2026-05-29T21:06:45,/accounts/{account_id},0.0034835922803595066
1780088820,2026-05-29T21:07:00,/accounts/{account_id},0.0032402073732718892
1780088835,2026-05-29T21:07:15,/accounts/{account_id},0.004165220409580007
1780088850,2026-05-29T21:07:30,/accounts/{account_id},0.004203446826397646
1780088865,2026-05-29T21:07:45,/accounts/{account_id},0.004527092909876027
1780088880,2026-05-29T21:08:00,/accounts/{account_id},0.004869565217391305
1780088895,2026-05-29T21:08:15,/accounts/{account_id},0.0048665183537263635
1780088910,2026-05-29T21:08:30,/accounts/{account_id},0.004661518124260767
1780088925,2026-05-29T21:08:45,/accounts/{account_id},0.0049734060924224634
1780088940,2026-05-29T21:09:00,/accounts/{account_id},0.00544069640914037
1780088955,2026-05-29T21:09:15,/accounts/{account_id},0.006091782861784215
1780088970,2026-05-29T21:09:30,/accounts/{account_id},0.009209823812066203
1780088985,2026-05-29T21:09:45,/accounts/{account_id},0.010583053967001906
1780089000,2026-05-29T21:10:00,/accounts/{account_id},0.014227365554799183
1780089015,2026-05-29T21:10:15,/accounts/{account_id},0.017789941840574752
1780089030,2026-05-29T21:10:30,/accounts/{account_id},0.020272982737856285
1780089045,2026-05-29T21:10:45,/accounts/{account_id},0.023446019629225736
1780089060,2026-05-29T21:11:00,/accounts/{account_id},0.02548510522000547
1780089075,2026-05-29T21:11:15,/accounts/{account_id},0.029885530193981765
1780089090,2026-05-29T21:11:30,/accounts/{account_id},0.031989543203082005
1780089105,2026-05-29T21:11:45,/accounts/{account_id},0.03337665002393817
1780089120,2026-05-29T21:12:00,/accounts/{account_id},0.03502603286226249
1780089135,2026-05-29T21:12:15,/accounts/{account_id},0.03723513680312693
1780089150,2026-05-29T21:12:30,/accounts/{account_id},0.0420299727520436
1780089165,2026-05-29T21:12:45,/accounts/{account_id},0.041799336088340903
1780089180,2026-05-29T21:13:00,/accounts/{account_id},0.04334196538094589
1780089195,2026-05-29T21:13:15,/accounts/{account_id},0.04528276420569577
1780089210,2026-05-29T21:13:30,/accounts/{account_id},0.04646180625292897
1780089225,2026-05-29T21:13:45,/accounts/{account_id},0.050249880194427325
1780089240,2026-05-29T21:14:00,/accounts/{account_id},0.0556839672200042
1780089255,2026-05-29T21:14:15,/accounts/{account_id},0.057251639286469716
1780089270,2026-05-29T21:14:30,/accounts/{account_id},0.05374026696329254
1780089285,2026-05-29T21:14:45,/accounts/{account_id},0.054645580344535434
1780089300,2026-05-29T21:15:00,/accounts/{account_id},0.05342551854179761
1780089315,2026-05-29T21:15:15,/accounts/{account_id},0.05422437673130194
1780089330,2026-05-29T21:15:30,/accounts/{account_id},0.05310889728615597
1780089345,2026-05-29T21:15:45,/accounts/{account_id},0.05482170967079598
1780089360,2026-05-29T21:16:00,/accounts/{account_id},0.0525747452250793
1780089375,2026-05-29T21:16:15,/accounts/{account_id},0.051691474966170506
1780089390,2026-05-29T21:16:30,/accounts/{account_id},0.049300956585724795
1780089405,2026-05-29T21:16:45,/accounts/{account_id},0.05332959090590134
1780089420,2026-05-29T21:17:00,/accounts/{account_id},0.05541983667201787
1780089435,2026-05-29T21:17:15,/accounts/{account_id},0.05125725338491296
1780089450,2026-05-29T21:17:30,/accounts/{account_id},0.051011804384485666
1780089465,2026-05-29T21:17:45,/accounts/{account_id},0.052002005586992334
1780089480,2026-05-29T21:18:00,/accounts/{account_id},0.05329087048832272
1780089495,2026-05-29T21:18:15,/accounts/{account_id},0.05475524976707518
1780089510,2026-05-29T21:18:30,/accounts/{account_id},0.055622305463283624
1780089525,2026-05-29T21:18:45,/accounts/{account_id},0.055051860448248356
1780089540,2026-05-29T21:19:00,/accounts/{account_id},0.05377958950153758
1780089555,2026-05-29T21:19:15,/accounts/{account_id},0.05617243631613325
1780089570,2026-05-29T21:19:30,/accounts/{account_id},0.05525303129310971
1780089585,2026-05-29T21:19:45,/accounts/{account_id},0.05724102639081804
1780089600,2026-05-29T21:20:00,/accounts/{account_id},0.05330909090909092
1780089615,2026-05-29T21:20:15,/accounts/{account_id},0.05601794890352465
1780089630,2026-05-29T21:20:30,/accounts/{account_id},0.05375260847664964
1780089645,2026-05-29T21:20:45,/accounts/{account_id},0.053779069767441866
1780089660,2026-05-29T21:21:00,/accounts/{account_id},0.05148954454311085
1780089675,2026-05-29T21:21:15,/accounts/{account_id},0.05440377466399771
1780089690,2026-05-29T21:21:30,/accounts/{account_id},0.057352088167053374
1780089705,2026-05-29T21:21:45,/accounts/{account_id},0.05658147436844437
1780089720,2026-05-29T21:22:00,/accounts/{account_id},0.05870141026558809
1780089735,2026-05-29T21:22:15,/accounts/{account_id},0.060881483084469445
1780089750,2026-05-29T21:22:30,/accounts/{account_id},0.05656221132665388
1780089765,2026-05-29T21:22:45,/accounts/{account_id},0.05791726105563481
1780089780,2026-05-29T21:23:00,/accounts/{account_id},0.0571023363439576
1780089795,2026-05-29T21:23:15,/accounts/{account_id},0.056109035561090356
1780089810,2026-05-29T21:23:30,/accounts/{account_id},0.05573522328493773
1780089825,2026-05-29T21:23:45,/accounts/{account_id},0.05446022335585275
1780089840,2026-05-29T21:24:00,/accounts/{account_id},0.05353185595567866
1780089855,2026-05-29T21:24:15,/accounts/{account_id},0.05338226130305338
1780089870,2026-05-29T21:24:30,/accounts/{account_id},0.05292901447277739
1780089885,2026-05-29T21:24:45,/accounts/{account_id},0.05263516738255949
1780089900,2026-05-29T21:25:00,/accounts/{account_id},0.05471334068357222
1780089915,2026-05-29T21:25:15,/accounts/{account_id},0.052953586497890295
1780089930,2026-05-29T21:25:30,/accounts/{account_id},0.05548523206751055
1780089945,2026-05-29T21:25:45,/accounts/{account_id},0.06585612968591692
1780089960,2026-05-29T21:26:00,/accounts/{account_id},0.06431255761185563
1780089975,2026-05-29T21:26:15,/accounts/{account_id},0.06233354926941625
1780089990,2026-05-29T21:26:30,/accounts/{account_id},0.05715287517531557
1780090005,2026-05-29T21:26:45,/accounts/{account_id},0.05608011444921316
1780090020,2026-05-29T21:27:00,/accounts/{account_id},0.04995623779707803
1780090035,2026-05-29T21:27:15,/accounts/{account_id},0.0514445352957209
1780090050,2026-05-29T21:27:30,/accounts/{account_id},0.04975784515358588
1780090065,2026-05-29T21:27:45,/accounts/{account_id},0.045114720288734214
1780090080,2026-05-29T21:28:00,/accounts/{account_id},0.044304618578100675
1780090095,2026-05-29T21:28:15,/accounts/{account_id},0.039538183694530445
1780090110,2026-05-29T21:28:30,/accounts/{account_id},0.03967108153913753
1780090125,2026-05-29T21:28:45,/accounts/{account_id},0.03863851244878664
1780090140,2026-05-29T21:29:00,/accounts/{account_id},0.037591609805408134
1780090155,2026-05-29T21:29:15,/accounts/{account_id},0.03395504543280727
1780090170,2026-05-29T21:29:30,/accounts/{account_id},0.03358658948383985
1780090185,2026-05-29T21:29:45,/accounts/{account_id},0.033060321635678847
1780090200,2026-05-29T21:30:00,/accounts/{account_id},0.029697781401036513
1780090215,2026-05-29T21:30:15,/accounts/{account_id},0.027389344735929737
1780090230,2026-05-29T21:30:30,/accounts/{account_id},0.017350066508588283
1780090245,2026-05-29T21:30:45,/accounts/{account_id},0.016117458740409558
1780090260,2026-05-29T21:31:00,/accounts/{account_id},0.014895242252291576
1780090275,2026-05-29T21:31:15,/accounts/{account_id},0.014539141756632127
1780090290,2026-05-29T21:31:30,/accounts/{account_id},0.015075376884422112
1780090305,2026-05-29T21:31:45,/accounts/{account_id},0.014202993554026001
1780090320,2026-05-29T21:32:00,/accounts/{account_id},0.015196906149572417
1780090335,2026-05-29T21:32:15,/accounts/{account_id},0.015001909333915228
1780090350,2026-05-29T21:32:30,/accounts/{account_id},0.014422553608359638
1780090365,2026-05-29T21:32:45,/accounts/{account_id},0.015435263640779318
1780090380,2026-05-29T21:33:00,/accounts/{account_id},0.016951987955166455
1780090395,2026-05-29T21:33:15,/accounts/{account_id},0.017562997709174213
1780090410,2026-05-29T21:33:30,/accounts/{account_id},0.017497812773403325
1780090425,2026-05-29T21:33:45,/accounts/{account_id},0.01678253313056702
1780090440,2026-05-29T21:34:00,/accounts/{account_id},0.017884322678843226
1780090455,2026-05-29T21:34:15,/accounts/{account_id},0.017176916824708753
1780090470,2026-05-29T21:34:30,/accounts/{account_id},0.016601983613626563
1780090485,2026-05-29T21:34:45,/accounts/{account_id},0.015557105305509362
1780090500,2026-05-29T21:35:00,/accounts/{account_id},0.017464635473340588
1780090515,2026-05-29T21:35:15,/accounts/{account_id},0.01707277540655897
1780090530,2026-05-29T21:35:30,/accounts/{account_id},0.017069855939113886
1780090545,2026-05-29T21:35:45,/accounts/{account_id},0.017224191404519272
1780090560,2026-05-29T21:36:00,/accounts/{account_id},0.01778201604308072
1780090575,2026-05-29T21:36:15,/accounts/{account_id},0.018159329847641535
1780090590,2026-05-29T21:36:30,/accounts/{account_id},0.018829745376875946
1780090605,2026-05-29T21:36:45,/accounts/{account_id},0.018386512785698122
1780090620,2026-05-29T21:37:00,/accounts/{account_id},0.020148164777191606
1780090635,2026-05-29T21:37:15,/accounts/{account_id},0.02013920584208124
1780090650,2026-05-29T21:37:30,/accounts/{account_id},0.01936770150954144
1780090665,2026-05-29T21:37:45,/accounts/{account_id},0.01986309056222646
1780090680,2026-05-29T21:38:00,/accounts/{account_id},0.020607557976304116
1780090695,2026-05-29T21:38:15,/accounts/{account_id},0.020623977564851605
1780090710,2026-05-29T21:38:30,/accounts/{account_id},0.021384136858475893
1780090725,2026-05-29T21:38:45,/accounts/{account_id},0.02267793899234548
1780090740,2026-05-29T21:39:00,/accounts/{account_id},0.022222222222222223
1780090755,2026-05-29T21:39:15,/accounts/{account_id},0.02158395649218219
1780090770,2026-05-29T21:39:30,/accounts/{account_id},0.02154901400400114
1780090785,2026-05-29T21:39:45,/accounts/{account_id},0.022894569060453254
1780090800,2026-05-29T21:40:00,/accounts/{account_id},0.022407206796282567
1780090815,2026-05-29T21:40:15,/accounts/{account_id},0.02331486611265005
1780090830,2026-05-29T21:40:30,/accounts/{account_id},0.022712897475705825
1780090845,2026-05-29T21:40:45,/accounts/{account_id},0.0231580127845688
1780090860,2026-05-29T21:41:00,/accounts/{account_id},0.022151009163996177
1780090875,2026-05-29T21:41:15,/accounts/{account_id},0.021519271828295314
1780090890,2026-05-29T21:41:30,/accounts/{account_id},0.023758944543828264
1780090905,2026-05-29T21:41:45,/accounts/{account_id},0.022899458843634292
1780090920,2026-05-29T21:42:00,/accounts/{account_id},0.02285202195586423
1780090935,2026-05-29T21:42:15,/accounts/{account_id},0.021596606247589665
1780090950,2026-05-29T21:42:30,/accounts/{account_id},0.02302426882389546
1780090965,2026-05-29T21:42:45,/accounts/{account_id},0.02378747540224563
1780090980,2026-05-29T21:43:00,/accounts/{account_id},0.023279409277943745
1780090995,2026-05-29T21:43:15,/accounts/{account_id},0.023413680032215386
1780091010,2026-05-29T21:43:30,/accounts/{account_id},0.024042844120328165
1780091025,2026-05-29T21:43:45,/accounts/{account_id},0.026643482162889837
1780091040,2026-05-29T21:44:00,/accounts/{account_id},0.026900983904908145
1780091055,2026-05-29T21:44:15,/accounts/{account_id},0.02793959617668684
1780091070,2026-05-29T21:44:30,/accounts/{account_id},0.02878016382554793
1780091085,2026-05-29T21:44:45,/accounts/{account_id},0.03013836759845387
1780091100,2026-05-29T21:45:00,/accounts/{account_id},0.029395421204712162
1780091115,2026-05-29T21:45:15,/accounts/{account_id},0.029272326350606392
1780091130,2026-05-29T21:45:30,/accounts/{account_id},0.02973593570608496
1780091145,2026-05-29T21:45:45,/accounts/{account_id},0.02998206680116566
1780091160,2026-05-29T21:46:00,/accounts/{account_id},0.029042429606682525
1780091175,2026-05-29T21:46:15,/accounts/{account_id},0.027488731845751492
1780091190,2026-05-29T21:46:30,/accounts/{account_id},0.02620545073375262
1780091205,2026-05-29T21:46:45,/accounts/{account_id},0.025339659262454173
1780091220,2026-05-29T21:47:00,/accounts/{account_id},0.02500675128274372
1780091235,2026-05-29T21:47:15,/accounts/{account_id},0.023109018936557185
1780091250,2026-05-29T21:47:30,/accounts/{account_id},0.022753730553497727
1780091265,2026-05-29T21:47:45,/accounts/{account_id},0.02031063321385902
1780091280,2026-05-29T21:48:00,/accounts/{account_id},0.01926903340663944
1780091295,2026-05-29T21:48:15,/accounts/{account_id},0.017534785082501423
1780091310,2026-05-29T21:48:30,/accounts/{account_id},0.015610462111030704
1780091325,2026-05-29T21:48:45,/accounts/{account_id},0.012680503079550745
1780091340,2026-05-29T21:49:00,/accounts/{account_id},0.01176108058137743
1780091355,2026-05-29T21:49:15,/accounts/{account_id},0.010811649681858155
1780091370,2026-05-29T21:49:30,/accounts/{account_id},0.00825082508250825
1780091385,2026-05-29T21:49:45,/accounts/{account_id},0.006837252667564489
1780091400,2026-05-29T21:50:00,/accounts/{account_id},0.0057066474731376285
1780091415,2026-05-29T21:50:15,/accounts/{account_id},0.004915657663251578
1780091430,2026-05-29T21:50:30,/accounts/{account_id},0.004286650864894851
1780091445,2026-05-29T21:50:45,/accounts/{account_id},0.0038345942584723804
1780091460,2026-05-29T21:51:00,/accounts/{account_id},0.0038700904764395173
1780091475,2026-05-29T21:51:15,/accounts/{account_id},0.0036467830164105238
1780091490,2026-05-29T21:51:30,/accounts/{account_id},0.002029664324746292
1780091505,2026-05-29T21:51:45,/accounts/{account_id},0.002067539627842867
1780091520,2026-05-29T21:52:00,/accounts/{account_id},0.0020584820014778846
1780091535,2026-05-29T21:52:15,/accounts/{account_id},0.0017024898914662695
1780091550,2026-05-29T21:52:30,/accounts/{account_id},0.0013313451911811695
1780091565,2026-05-29T21:52:45,/accounts/{account_id},0.0011114639568116863
1780091580,2026-05-29T21:53:00,/accounts/{account_id},0.0009052183173588924
1780091595,2026-05-29T21:53:15,/accounts/{account_id},0.0009123597917672946
1780091610,2026-05-29T21:53:30,/accounts/{account_id},0.00091792656587473
1780091625,2026-05-29T21:53:45,/accounts/{account_id},0.0006014544261577998
1780091640,2026-05-29T21:54:00,/accounts/{account_id},0.003498385360602799
1780091655,2026-05-29T21:54:15,/accounts/{account_id},0.0035517184853286706
1780091670,2026-05-29T21:54:30,/accounts/{account_id},0.0031339344622828237
1780091685,2026-05-29T21:54:45,/accounts/{account_id},0.0030165085284922944
1780091700,2026-05-29T21:55:00,/accounts/{account_id},0.0030469226081657527
1780091715,2026-05-29T21:55:15,/accounts/{account_id},0.003064408290617339
1780091730,2026-05-29T21:55:30,/accounts/{account_id},0.00308676619149175
1780091745,2026-05-29T21:55:45,/accounts/{account_id},0.0030659172202350538
1780091760,2026-05-29T21:56:00,/accounts/{account_id},0.0030918980818780417
1780091775,2026-05-29T21:56:15,/accounts/{account_id},0.0031470365405909437
1780091790,2026-05-29T21:56:30,/accounts/{account_id},0.003127896200185357
1780091805,2026-05-29T21:56:45,/accounts/{account_id},0.003104518799586064
1780091820,2026-05-29T21:57:00,/accounts/{account_id},0.0031426409823662924
1780091835,2026-05-29T21:57:15,/accounts/{account_id},0.003224265583950322
1780091850,2026-05-29T21:57:30,/accounts/{account_id},0.0032537960954446853
1780091865,2026-05-29T21:57:45,/accounts/{account_id},0.003297911322828875
1780091880,2026-05-29T21:58:00,/accounts/{account_id},0.0033047735618115057
1780091895,2026-05-29T21:58:15,/accounts/{account_id},0.0033588356036573985
1780091910,2026-05-29T21:58:30,/accounts/{account_id},0.003413616537075668
1780091925,2026-05-29T21:58:45,/accounts/{account_id},0.0006555657532450505
1780091940,2026-05-29T21:59:00,/accounts/{account_id},0.0
1780091955,2026-05-29T21:59:15,/accounts/{account_id},0.0
1780091970,2026-05-29T21:59:30,/accounts/{account_id},0.0
1780091985,2026-05-29T21:59:45,/accounts/{account_id},0.0
1780092000,2026-05-29T22:00:00,/accounts/{account_id},0.0
1780092015,2026-05-29T22:00:15,/accounts/{account_id},0.0
1780092030,2026-05-29T22:00:30,/accounts/{account_id},0.0
1780092045,2026-05-29T22:00:45,/accounts/{account_id},0.0
1780092060,2026-05-29T22:01:00,/accounts/{account_id},0.0
1780092075,2026-05-29T22:01:15,/accounts/{account_id},0.0
1780092090,2026-05-29T22:01:30,/accounts/{account_id},0.0
1780092105,2026-05-29T22:01:45,/accounts/{account_id},0.0
1780092120,2026-05-29T22:02:00,/accounts/{account_id},0.0
1780092135,2026-05-29T22:02:15,/accounts/{account_id},0.0
1780092150,2026-05-29T22:02:30,/accounts/{account_id},0.0
1780092165,2026-05-29T22:02:45,/accounts/{account_id},0.0
1780092180,2026-05-29T22:03:00,/accounts/{account_id},0.0
1780092195,2026-05-29T22:03:15,/accounts/{account_id},0.0
1780092210,2026-05-29T22:03:30,/accounts/{account_id},0.0
1780092225,2026-05-29T22:03:45,/accounts/{account_id},0.0
1780092240,2026-05-29T22:04:00,/accounts/{account_id},0.0
1780092255,2026-05-29T22:04:15,/accounts/{account_id},0.0
1780092270,2026-05-29T22:04:30,/accounts/{account_id},0.0
1780092285,2026-05-29T22:04:45,/accounts/{account_id},0.0
1780092300,2026-05-29T22:05:00,/accounts/{account_id},0.0
1780092315,2026-05-29T22:05:15,/accounts/{account_id},0.0
1780092330,2026-05-29T22:05:30,/accounts/{account_id},0.0
1780092345,2026-05-29T22:05:45,/accounts/{account_id},0.0
1780092360,2026-05-29T22:06:00,/accounts/{account_id},0.0
1780092375,2026-05-29T22:06:15,/accounts/{account_id},0.0
1780092390,2026-05-29T22:06:30,/accounts/{account_id},0.0
1780092405,2026-05-29T22:06:45,/accounts/{account_id},0.0
1780092420,2026-05-29T22:07:00,/accounts/{account_id},0.0
1780092435,2026-05-29T22:07:15,/accounts/{account_id},0.0
1780092450,2026-05-29T22:07:30,/accounts/{account_id},0.0
1780092465,2026-05-29T22:07:45,/accounts/{account_id},0.0
1780092480,2026-05-29T22:08:00,/accounts/{account_id},0.0
1780092495,2026-05-29T22:08:15,/accounts/{account_id},0.0
1780092510,2026-05-29T22:08:30,/accounts/{account_id},0.0
1780092525,2026-05-29T22:08:45,/accounts/{account_id},0.0
1780092540,2026-05-29T22:09:00,/accounts/{account_id},0.0
1780092555,2026-05-29T22:09:15,/accounts/{account_id},0.0
1780092570,2026-05-29T22:09:30,/accounts/{account_id},0.0
1780092585,2026-05-29T22:09:45,/accounts/{account_id},0.0
1780092600,2026-05-29T22:10:00,/accounts/{account_id},0.0
1780092615,2026-05-29T22:10:15,/accounts/{account_id},0.0
1780092630,2026-05-29T22:10:30,/accounts/{account_id},0.0
1780092645,2026-05-29T22:10:45,/accounts/{account_id},0.0
1780092660,2026-05-29T22:11:00,/accounts/{account_id},0.0
1780092675,2026-05-29T22:11:15,/accounts/{account_id},0.0
1780092690,2026-05-29T22:11:30,/accounts/{account_id},0.0
1780092705,2026-05-29T22:11:45,/accounts/{account_id},0.0
1780092720,2026-05-29T22:12:00,/accounts/{account_id},0.0
1780092735,2026-05-29T22:12:15,/accounts/{account_id},0.0
1780092750,2026-05-29T22:12:30,/accounts/{account_id},0.0
1780092765,2026-05-29T22:12:45,/accounts/{account_id},0.0
1780092780,2026-05-29T22:13:00,/accounts/{account_id},0.0
1780092795,2026-05-29T22:13:15,/accounts/{account_id},0.0
1780092810,2026-05-29T22:13:30,/accounts/{account_id},0.0
1780092825,2026-05-29T22:13:45,/accounts/{account_id},0.0
1780092840,2026-05-29T22:14:00,/accounts/{account_id},0.0
1780092855,2026-05-29T22:14:15,/accounts/{account_id},0.0
1780092870,2026-05-29T22:14:30,/accounts/{account_id},0.0
1780092885,2026-05-29T22:14:45,/accounts/{account_id},0.0
1780092900,2026-05-29T22:15:00,/accounts/{account_id},0.0
1780092915,2026-05-29T22:15:15,/accounts/{account_id},0.0
1780092930,2026-05-29T22:15:30,/accounts/{account_id},0.0
1780092945,2026-05-29T22:15:45,/accounts/{account_id},0.0
1780092960,2026-05-29T22:16:00,/accounts/{account_id},0.0
1780092975,2026-05-29T22:16:15,/accounts/{account_id},0.0
1780092990,2026-05-29T22:16:30,/accounts/{account_id},0.0
1780093005,2026-05-29T22:16:45,/accounts/{account_id},0.0
1780093020,2026-05-29T22:17:00,/accounts/{account_id},0.0
1780093035,2026-05-29T22:17:15,/accounts/{account_id},0.0
1780093050,2026-05-29T22:17:30,/accounts/{account_id},0.0
1780093065,2026-05-29T22:17:45,/accounts/{account_id},0.0
1780093080,2026-05-29T22:18:00,/accounts/{account_id},0.0
1780093095,2026-05-29T22:18:15,/accounts/{account_id},0.0
1780093110,2026-05-29T22:18:30,/accounts/{account_id},0.0
1780093125,2026-05-29T22:18:45,/accounts/{account_id},0.0
1780093140,2026-05-29T22:19:00,/accounts/{account_id},0.0
1780093155,2026-05-29T22:19:15,/accounts/{account_id},0.0
1780093170,2026-05-29T22:19:30,/accounts/{account_id},0.0
1780093185,2026-05-29T22:19:45,/accounts/{account_id},0.0
1780093200,2026-05-29T22:20:00,/accounts/{account_id},0.0
1780093215,2026-05-29T22:20:15,/accounts/{account_id},0.0
1780093230,2026-05-29T22:20:30,/accounts/{account_id},0.0
1780093245,2026-05-29T22:20:45,/accounts/{account_id},0.0
1780093260,2026-05-29T22:21:00,/accounts/{account_id},0.0
1780093275,2026-05-29T22:21:15,/accounts/{account_id},0.0
1780093290,2026-05-29T22:21:30,/accounts/{account_id},0.0
1780093305,2026-05-29T22:21:45,/accounts/{account_id},0.0
1780093320,2026-05-29T22:22:00,/accounts/{account_id},0.0
1780093335,2026-05-29T22:22:15,/accounts/{account_id},0.0
1780093350,2026-05-29T22:22:30,/accounts/{account_id},0.0
1780093365,2026-05-29T22:22:45,/accounts/{account_id},0.0
1780093380,2026-05-29T22:23:00,/accounts/{account_id},0.0
1780093395,2026-05-29T22:23:15,/accounts/{account_id},0.0
1780093410,2026-05-29T22:23:30,/accounts/{account_id},0.0
1780093425,2026-05-29T22:23:45,/accounts/{account_id},0.0
1780093440,2026-05-29T22:24:00,/accounts/{account_id},0.0
1780093455,2026-05-29T22:24:15,/accounts/{account_id},0.0
1780093470,2026-05-29T22:24:30,/accounts/{account_id},0.0
1780093485,2026-05-29T22:24:45,/accounts/{account_id},0.0
1780093500,2026-05-29T22:25:00,/accounts/{account_id},0.0
1780093515,2026-05-29T22:25:15,/accounts/{account_id},0.0
1780093530,2026-05-29T22:25:30,/accounts/{account_id},0.0
1780093545,2026-05-29T22:25:45,/accounts/{account_id},0.0
1780093560,2026-05-29T22:26:00,/accounts/{account_id},0.0
1780093575,2026-05-29T22:26:15,/accounts/{account_id},0.0
1780093590,2026-05-29T22:26:30,/accounts/{account_id},0.0
1780093605,2026-05-29T22:26:45,/accounts/{account_id},0.0
1780093620,2026-05-29T22:27:00,/accounts/{account_id},0.0
1780093635,2026-05-29T22:27:15,/accounts/{account_id},0.0
1780093650,2026-05-29T22:27:30,/accounts/{account_id},0.0
1780093665,2026-05-29T22:27:45,/accounts/{account_id},0.0
1780093680,2026-05-29T22:28:00,/accounts/{account_id},0.0
1780093695,2026-05-29T22:28:15,/accounts/{account_id},0.0
1780093710,2026-05-29T22:28:30,/accounts/{account_id},0.0
1780093725,2026-05-29T22:28:45,/accounts/{account_id},0.0
1780093740,2026-05-29T22:29:00,/accounts/{account_id},0.0
1780093755,2026-05-29T22:29:15,/accounts/{account_id},0.0
1780093770,2026-05-29T22:29:30,/accounts/{account_id},0.0
1780093785,2026-05-29T22:29:45,/accounts/{account_id},0.0
1780093800,2026-05-29T22:30:00,/accounts/{account_id},0.0
1780093815,2026-05-29T22:30:15,/accounts/{account_id},0.0
1780093830,2026-05-29T22:30:30,/accounts/{account_id},0.0
1780093845,2026-05-29T22:30:45,/accounts/{account_id},0.0
1780093860,2026-05-29T22:31:00,/accounts/{account_id},0.0
1780093875,2026-05-29T22:31:15,/accounts/{account_id},0.0
1780093890,2026-05-29T22:31:30,/accounts/{account_id},0.0
1780093905,2026-05-29T22:31:45,/accounts/{account_id},0.0
1780093920,2026-05-29T22:32:00,/accounts/{account_id},0.0
1780093935,2026-05-29T22:32:15,/accounts/{account_id},0.0
1780093950,2026-05-29T22:32:30,/accounts/{account_id},0.0
1780093965,2026-05-29T22:32:45,/accounts/{account_id},0.0
1780093980,2026-05-29T22:33:00,/accounts/{account_id},0.0
1780093995,2026-05-29T22:33:15,/accounts/{account_id},0.0
1780094010,2026-05-29T22:33:30,/accounts/{account_id},0.0
1780094025,2026-05-29T22:33:45,/accounts/{account_id},0.0
1780094040,2026-05-29T22:34:00,/accounts/{account_id},0.0
1780094055,2026-05-29T22:34:15,/accounts/{account_id},0.0
1780094070,2026-05-29T22:34:30,/accounts/{account_id},0.0
1780094085,2026-05-29T22:34:45,/accounts/{account_id},0.0
1780094100,2026-05-29T22:35:00,/accounts/{account_id},0.0
1780094115,2026-05-29T22:35:15,/accounts/{account_id},0.0
1780094130,2026-05-29T22:35:30,/accounts/{account_id},0.0
1780094145,2026-05-29T22:35:45,/accounts/{account_id},0.0
1780094160,2026-05-29T22:36:00,/accounts/{account_id},0.0
1780094175,2026-05-29T22:36:15,/accounts/{account_id},0.0
1780094190,2026-05-29T22:36:30,/accounts/{account_id},0.0
1780094205,2026-05-29T22:36:45,/accounts/{account_id},0.0
1780094220,2026-05-29T22:37:00,/accounts/{account_id},0.0
1780094235,2026-05-29T22:37:15,/accounts/{account_id},0.0
1780094250,2026-05-29T22:37:30,/accounts/{account_id},0.0
1780094265,2026-05-29T22:37:45,/accounts/{account_id},0.0
1780094280,2026-05-29T22:38:00,/accounts/{account_id},0.0
1780094295,2026-05-29T22:38:15,/accounts/{account_id},0.0
1780094310,2026-05-29T22:38:30,/accounts/{account_id},0.0
1780094325,2026-05-29T22:38:45,/accounts/{account_id},0.0
1780094340,2026-05-29T22:39:00,/accounts/{account_id},0.0
1780094355,2026-05-29T22:39:15,/accounts/{account_id},0.0
1780094370,2026-05-29T22:39:30,/accounts/{account_id},0.0
1780094385,2026-05-29T22:39:45,/accounts/{account_id},0.0
1780094400,2026-05-29T22:40:00,/accounts/{account_id},0.0
1780094415,2026-05-29T22:40:15,/accounts/{account_id},0.0
1780094430,2026-05-29T22:40:30,/accounts/{account_id},0.0
1780094445,2026-05-29T22:40:45,/accounts/{account_id},0.0
1780094460,2026-05-29T22:41:00,/accounts/{account_id},0.0
1780094475,2026-05-29T22:41:15,/accounts/{account_id},0.0
1780094490,2026-05-29T22:41:30,/accounts/{account_id},0.0
1780094505,2026-05-29T22:41:45,/accounts/{account_id},0.0
1780094520,2026-05-29T22:42:00,/accounts/{account_id},0.0
1780094535,2026-05-29T22:42:15,/accounts/{account_id},0.0
1780094550,2026-05-29T22:42:30,/accounts/{account_id},0.0
1780094565,2026-05-29T22:42:45,/accounts/{account_id},0.0
1780094580,2026-05-29T22:43:00,/accounts/{account_id},0.0
1780094595,2026-05-29T22:43:15,/accounts/{account_id},0.0
1780094610,2026-05-29T22:43:30,/accounts/{account_id},0.0
1780094625,2026-05-29T22:43:45,/accounts/{account_id},0.0
1780094640,2026-05-29T22:44:00,/accounts/{account_id},0.0
1780094655,2026-05-29T22:44:15,/accounts/{account_id},0.0
1780094670,2026-05-29T22:44:30,/accounts/{account_id},0.0
1780094685,2026-05-29T22:44:45,/accounts/{account_id},0.0
1780094700,2026-05-29T22:45:00,/accounts/{account_id},0.0
1780094715,2026-05-29T22:45:15,/accounts/{account_id},0.0
1780094730,2026-05-29T22:45:30,/accounts/{account_id},0.0
1780094745,2026-05-29T22:45:45,/accounts/{account_id},0.0
1780094760,2026-05-29T22:46:00,/accounts/{account_id},0.0
1780094775,2026-05-29T22:46:15,/accounts/{account_id},0.0
1780094790,2026-05-29T22:46:30,/accounts/{account_id},0.0
1780094805,2026-05-29T22:46:45,/accounts/{account_id},0.0
1780094820,2026-05-29T22:47:00,/accounts/{account_id},0.0
1780094835,2026-05-29T22:47:15,/accounts/{account_id},0.0
1780094850,2026-05-29T22:47:30,/accounts/{account_id},0.0
1780094865,2026-05-29T22:47:45,/accounts/{account_id},0.0
1780094880,2026-05-29T22:48:00,/accounts/{account_id},0.0
1780094895,2026-05-29T22:48:15,/accounts/{account_id},0.0
1780094910,2026-05-29T22:48:30,/accounts/{account_id},0.0
1780094925,2026-05-29T22:48:45,/accounts/{account_id},0.0
1780094940,2026-05-29T22:49:00,/accounts/{account_id},0.0
1780094955,2026-05-29T22:49:15,/accounts/{account_id},0.0
1780094970,2026-05-29T22:49:30,/accounts/{account_id},0.0
1780094985,2026-05-29T22:49:45,/accounts/{account_id},0.0
1780095000,2026-05-29T22:50:00,/accounts/{account_id},0.0
1780095015,2026-05-29T22:50:15,/accounts/{account_id},0.0
1780095030,2026-05-29T22:50:30,/accounts/{account_id},0.0
1780095045,2026-05-29T22:50:45,/accounts/{account_id},0.0
1780095060,2026-05-29T22:51:00,/accounts/{account_id},0.0
1780095075,2026-05-29T22:51:15,/accounts/{account_id},0.0
1780095090,2026-05-29T22:51:30,/accounts/{account_id},0.0
1780095105,2026-05-29T22:51:45,/accounts/{account_id},0.0
1780095120,2026-05-29T22:52:00,/accounts/{account_id},0.0
1780095135,2026-05-29T22:52:15,/accounts/{account_id},0.0
1780095150,2026-05-29T22:52:30,/accounts/{account_id},0.0
1780095165,2026-05-29T22:52:45,/accounts/{account_id},0.0
1780095180,2026-05-29T22:53:00,/accounts/{account_id},0.0
1780095195,2026-05-29T22:53:15,/accounts/{account_id},0.0
1780095210,2026-05-29T22:53:30,/accounts/{account_id},0.0
1780095225,2026-05-29T22:53:45,/accounts/{account_id},0.0
1780095240,2026-05-29T22:54:00,/accounts/{account_id},0.0
1780095255,2026-05-29T22:54:15,/accounts/{account_id},0.0
1780095270,2026-05-29T22:54:30,/accounts/{account_id},0.0
1780095285,2026-05-29T22:54:45,/accounts/{account_id},0.0
1780095300,2026-05-29T22:55:00,/accounts/{account_id},0.0
1780095315,2026-05-29T22:55:15,/accounts/{account_id},0.0
1780095330,2026-05-29T22:55:30,/accounts/{account_id},0.0
1780095345,2026-05-29T22:55:45,/accounts/{account_id},0.0
1780095360,2026-05-29T22:56:00,/accounts/{account_id},0.0
1780095375,2026-05-29T22:56:15,/accounts/{account_id},0.0
1780095390,2026-05-29T22:56:30,/accounts/{account_id},0.0
1780095405,2026-05-29T22:56:45,/accounts/{account_id},0.0
1780095420,2026-05-29T22:57:00,/accounts/{account_id},0.0
1780095435,2026-05-29T22:57:15,/accounts/{account_id},0.0
1780095450,2026-05-29T22:57:30,/accounts/{account_id},0.0
1780095465,2026-05-29T22:57:45,/accounts/{account_id},0.0
1780095480,2026-05-29T22:58:00,/accounts/{account_id},0.0
1780095495,2026-05-29T22:58:15,/accounts/{account_id},0.0
1780095510,2026-05-29T22:58:30,/accounts/{account_id},0.0
1780095525,2026-05-29T22:58:45,/accounts/{account_id},0.0
1780095540,2026-05-29T22:59:00,/accounts/{account_id},0.0
1780095555,2026-05-29T22:59:15,/accounts/{account_id},0.0
1780095570,2026-05-29T22:59:30,/accounts/{account_id},0.0
1780095585,2026-05-29T22:59:45,/accounts/{account_id},0.0
1780095600,2026-05-29T23:00:00,/accounts/{account_id},0.0
1780095615,2026-05-29T23:00:15,/accounts/{account_id},0.0
1780095630,2026-05-29T23:00:30,/accounts/{account_id},0.0
1780095645,2026-05-29T23:00:45,/accounts/{account_id},0.0
1780095660,2026-05-29T23:01:00,/accounts/{account_id},0.0
1780095675,2026-05-29T23:01:15,/accounts/{account_id},0.0
1780095690,2026-05-29T23:01:30,/accounts/{account_id},0.0
1780095705,2026-05-29T23:01:45,/accounts/{account_id},0.0
1780095720,2026-05-29T23:02:00,/accounts/{account_id},0.0
1780095735,2026-05-29T23:02:15,/accounts/{account_id},0.0
1780095750,2026-05-29T23:02:30,/accounts/{account_id},0.0
1780095765,2026-05-29T23:02:45,/accounts/{account_id},0.0
1780095780,2026-05-29T23:03:00,/accounts/{account_id},0.0
1780095795,2026-05-29T23:03:15,/accounts/{account_id},0.0
1780095810,2026-05-29T23:03:30,/accounts/{account_id},0.0
1780095825,2026-05-29T23:03:45,/accounts/{account_id},0.0
1780095840,2026-05-29T23:04:00,/accounts/{account_id},0.0
1780095855,2026-05-29T23:04:15,/accounts/{account_id},0.0
1780095870,2026-05-29T23:04:30,/accounts/{account_id},0.0
1780095885,2026-05-29T23:04:45,/accounts/{account_id},0.0
1780095900,2026-05-29T23:05:00,/accounts/{account_id},0.0
1780095915,2026-05-29T23:05:15,/accounts/{account_id},0.0
1780095930,2026-05-29T23:05:30,/accounts/{account_id},0.0
1780095945,2026-05-29T23:05:45,/accounts/{account_id},0.0
1780095960,2026-05-29T23:06:00,/accounts/{account_id},0.0
1780095975,2026-05-29T23:06:15,/accounts/{account_id},0.0
1780095990,2026-05-29T23:06:30,/accounts/{account_id},0.0
1780096005,2026-05-29T23:06:45,/accounts/{account_id},0.0
1780096020,2026-05-29T23:07:00,/accounts/{account_id},0.0
1780096035,2026-05-29T23:07:15,/accounts/{account_id},0.0
1780096050,2026-05-29T23:07:30,/accounts/{account_id},0.0
1780096065,2026-05-29T23:07:45,/accounts/{account_id},0.0
1780096080,2026-05-29T23:08:00,/accounts/{account_id},0.0
1780096095,2026-05-29T23:08:15,/accounts/{account_id},0.0
1780096110,2026-05-29T23:08:30,/accounts/{account_id},0.0
1780096125,2026-05-29T23:08:45,/accounts/{account_id},0.0
1780096140,2026-05-29T23:09:00,/accounts/{account_id},0.0
1780096155,2026-05-29T23:09:15,/accounts/{account_id},0.0
1780096170,2026-05-29T23:09:30,/accounts/{account_id},0.0
1780096185,2026-05-29T23:09:45,/accounts/{account_id},0.0
1780096200,2026-05-29T23:10:00,/accounts/{account_id},0.0
1780096215,2026-05-29T23:10:15,/accounts/{account_id},0.0
1780096230,2026-05-29T23:10:30,/accounts/{account_id},0.0
1780096245,2026-05-29T23:10:45,/accounts/{account_id},0.0
1780096260,2026-05-29T23:11:00,/accounts/{account_id},0.0
1780096275,2026-05-29T23:11:15,/accounts/{account_id},0.0
1780096290,2026-05-29T23:11:30,/accounts/{account_id},0.0
1780096305,2026-05-29T23:11:45,/accounts/{account_id},0.0
1780096320,2026-05-29T23:12:00,/accounts/{account_id},0.0
1780096335,2026-05-29T23:12:15,/accounts/{account_id},0.0
1780096350,2026-05-29T23:12:30,/accounts/{account_id},0.0
1780096365,2026-05-29T23:12:45,/accounts/{account_id},0.0
1780096380,2026-05-29T23:13:00,/accounts/{account_id},0.0
1780096395,2026-05-29T23:13:15,/accounts/{account_id},0.0
1780096410,2026-05-29T23:13:30,/accounts/{account_id},0.0
1780096425,2026-05-29T23:13:45,/accounts/{account_id},0.0
1780096440,2026-05-29T23:14:00,/accounts/{account_id},0.0
1780096455,2026-05-29T23:14:15,/accounts/{account_id},0.0
1780096470,2026-05-29T23:14:30,/accounts/{account_id},0.0
1780096485,2026-05-29T23:14:45,/accounts/{account_id},0.0
1780096500,2026-05-29T23:15:00,/accounts/{account_id},0.0
1780096515,2026-05-29T23:15:15,/accounts/{account_id},0.0
1780096530,2026-05-29T23:15:30,/accounts/{account_id},0.0
1780096545,2026-05-29T23:15:45,/accounts/{account_id},0.0
1780096560,2026-05-29T23:16:00,/accounts/{account_id},0.0
1780096575,2026-05-29T23:16:15,/accounts/{account_id},0.0
1780096590,2026-05-29T23:16:30,/accounts/{account_id},0.0
1780096605,2026-05-29T23:16:45,/accounts/{account_id},0.0
1780096620,2026-05-29T23:17:00,/accounts/{account_id},0.0
1780096635,2026-05-29T23:17:15,/accounts/{account_id},0.0
1780096650,2026-05-29T23:17:30,/accounts/{account_id},0.0
1780096665,2026-05-29T23:17:45,/accounts/{account_id},0.0
1780096680,2026-05-29T23:18:00,/accounts/{account_id},0.0
1780096695,2026-05-29T23:18:15,/accounts/{account_id},0.0
1780096710,2026-05-29T23:18:30,/accounts/{account_id},0.0
1780096725,2026-05-29T23:18:45,/accounts/{account_id},0.0
1780096740,2026-05-29T23:19:00,/accounts/{account_id},0.0
1780096755,2026-05-29T23:19:15,/accounts/{account_id},0.0
1780096770,2026-05-29T23:19:30,/accounts/{account_id},0.0
1780096785,2026-05-29T23:19:45,/accounts/{account_id},0.0
1780096800,2026-05-29T23:20:00,/accounts/{account_id},0.0
1780096815,2026-05-29T23:20:15,/accounts/{account_id},0.0
1780096830,2026-05-29T23:20:30,/accounts/{account_id},0.0
1780096845,2026-05-29T23:20:45,/accounts/{account_id},0.0
1780096860,2026-05-29T23:21:00,/accounts/{account_id},0.0
1780096875,2026-05-29T23:21:15,/accounts/{account_id},0.0
1780096890,2026-05-29T23:21:30,/accounts/{account_id},0.0
1780096905,2026-05-29T23:21:45,/accounts/{account_id},0.0
1780096920,2026-05-29T23:22:00,/accounts/{account_id},0.0
1780096935,2026-05-29T23:22:15,/accounts/{account_id},0.0
1780096950,2026-05-29T23:22:30,/accounts/{account_id},0.0
1780096965,2026-05-29T23:22:45,/accounts/{account_id},0.0
1780096980,2026-05-29T23:23:00,/accounts/{account_id},0.0
1780096995,2026-05-29T23:23:15,/accounts/{account_id},0.0
1780097010,2026-05-29T23:23:30,/accounts/{account_id},0.0
1780097025,2026-05-29T23:23:45,/accounts/{account_id},0.0
1780097040,2026-05-29T23:24:00,/accounts/{account_id},0.0
1780097055,2026-05-29T23:24:15,/accounts/{account_id},0.0
1780097070,2026-05-29T23:24:30,/accounts/{account_id},0.0
1780097085,2026-05-29T23:24:45,/accounts/{account_id},0.0
1780097100,2026-05-29T23:25:00,/accounts/{account_id},0.0
1780097115,2026-05-29T23:25:15,/accounts/{account_id},0.0
1780097130,2026-05-29T23:25:30,/accounts/{account_id},0.0
1780097145,2026-05-29T23:25:45,/accounts/{account_id},0.0
1780097160,2026-05-29T23:26:00,/accounts/{account_id},0.0
1780097175,2026-05-29T23:26:15,/accounts/{account_id},0.0
1780097190,2026-05-29T23:26:30,/accounts/{account_id},0.0
1780097205,2026-05-29T23:26:45,/accounts/{account_id},0.0
1780097220,2026-05-29T23:27:00,/accounts/{account_id},0.0
1780097235,2026-05-29T23:27:15,/accounts/{account_id},0.0
1780097250,2026-05-29T23:27:30,/accounts/{account_id},0.0
1780097265,2026-05-29T23:27:45,/accounts/{account_id},0.0
1780097280,2026-05-29T23:28:00,/accounts/{account_id},0.0
1780097295,2026-05-29T23:28:15,/accounts/{account_id},0.0
1780097310,2026-05-29T23:28:30,/accounts/{account_id},0.0
1780097325,2026-05-29T23:28:45,/accounts/{account_id},0.0
1780097340,2026-05-29T23:29:00,/accounts/{account_id},0.0
1780097355,2026-05-29T23:29:15,/accounts/{account_id},0.0
1780097370,2026-05-29T23:29:30,/accounts/{account_id},0.0
1780097385,2026-05-29T23:29:45,/accounts/{account_id},0.0
1780097400,2026-05-29T23:30:00,/accounts/{account_id},0.0
1780097415,2026-05-29T23:30:15,/accounts/{account_id},0.0
1780097430,2026-05-29T23:30:30,/accounts/{account_id},0.0
1780097445,2026-05-29T23:30:45,/accounts/{account_id},0.0
1780097460,2026-05-29T23:31:00,/accounts/{account_id},0.0
1780097475,2026-05-29T23:31:15,/accounts/{account_id},0.0
1780097490,2026-05-29T23:31:30,/accounts/{account_id},0.0
1780097505,2026-05-29T23:31:45,/accounts/{account_id},0.0
1780097520,2026-05-29T23:32:00,/accounts/{account_id},0.0
1780097535,2026-05-29T23:32:15,/accounts/{account_id},0.0
1780097550,2026-05-29T23:32:30,/accounts/{account_id},0.0
1780097565,2026-05-29T23:32:45,/accounts/{account_id},0.0
1780097580,2026-05-29T23:33:00,/accounts/{account_id},0.0
1780097595,2026-05-29T23:33:15,/accounts/{account_id},0.0
1780097610,2026-05-29T23:33:30,/accounts/{account_id},0.0
1780097625,2026-05-29T23:33:45,/accounts/{account_id},0.0
1780097640,2026-05-29T23:34:00,/accounts/{account_id},0.0
1780097655,2026-05-29T23:34:15,/accounts/{account_id},0.0
1780097670,2026-05-29T23:34:30,/accounts/{account_id},0.0
1780097685,2026-05-29T23:34:45,/accounts/{account_id},0.0
1780097700,2026-05-29T23:35:00,/accounts/{account_id},0.0
1780097715,2026-05-29T23:35:15,/accounts/{account_id},0.0
1780097730,2026-05-29T23:35:30,/accounts/{account_id},0.0
1780097745,2026-05-29T23:35:45,/accounts/{account_id},0.0
1780097760,2026-05-29T23:36:00,/accounts/{account_id},0.0
1780097775,2026-05-29T23:36:15,/accounts/{account_id},0.0
1780097790,2026-05-29T23:36:30,/accounts/{account_id},0.0
1780097805,2026-05-29T23:36:45,/accounts/{account_id},0.0
1780097820,2026-05-29T23:37:00,/accounts/{account_id},0.0
1780097835,2026-05-29T23:37:15,/accounts/{account_id},0.0
1780097850,2026-05-29T23:37:30,/accounts/{account_id},0.0
1780097865,2026-05-29T23:37:45,/accounts/{account_id},0.0
1780097880,2026-05-29T23:38:00,/accounts/{account_id},0.0
1780097895,2026-05-29T23:38:15,/accounts/{account_id},0.0
1780097910,2026-05-29T23:38:30,/accounts/{account_id},0.0
1780097925,2026-05-29T23:38:45,/accounts/{account_id},0.0
1780097940,2026-05-29T23:39:00,/accounts/{account_id},0.0
1780097955,2026-05-29T23:39:15,/accounts/{account_id},0.0
1780097970,2026-05-29T23:39:30,/accounts/{account_id},0.0
1780097985,2026-05-29T23:39:45,/accounts/{account_id},0.0
1780098000,2026-05-29T23:40:00,/accounts/{account_id},0.0
1780098015,2026-05-29T23:40:15,/accounts/{account_id},0.0
1780098030,2026-05-29T23:40:30,/accounts/{account_id},0.0
1780098045,2026-05-29T23:40:45,/accounts/{account_id},0.0
1780098060,2026-05-29T23:41:00,/accounts/{account_id},0.0
1780098075,2026-05-29T23:41:15,/accounts/{account_id},0.0
1780098090,2026-05-29T23:41:30,/accounts/{account_id},0.0
1780098105,2026-05-29T23:41:45,/accounts/{account_id},0.0
1780098120,2026-05-29T23:42:00,/accounts/{account_id},0.0
1780098135,2026-05-29T23:42:15,/accounts/{account_id},0.0
1780098150,2026-05-29T23:42:30,/accounts/{account_id},0.0
1780098165,2026-05-29T23:42:45,/accounts/{account_id},0.0
1780098180,2026-05-29T23:43:00,/accounts/{account_id},0.0
1780098195,2026-05-29T23:43:15,/accounts/{account_id},0.0
1780098210,2026-05-29T23:43:30,/accounts/{account_id},0.0
1780098225,2026-05-29T23:43:45,/accounts/{account_id},0.0
1780098240,2026-05-29T23:44:00,/accounts/{account_id},0.0
1780098255,2026-05-29T23:44:15,/accounts/{account_id},0.0
1780098270,2026-05-29T23:44:30,/accounts/{account_id},0.0
1780098285,2026-05-29T23:44:45,/accounts/{account_id},0.0
1780098300,2026-05-29T23:45:00,/accounts/{account_id},0.0
1780098315,2026-05-29T23:45:15,/accounts/{account_id},0.0
1780098330,2026-05-29T23:45:30,/accounts/{account_id},0.0
1780098345,2026-05-29T23:45:45,/accounts/{account_id},0.0
1780098360,2026-05-29T23:46:00,/accounts/{account_id},0.0
1780098375,2026-05-29T23:46:15,/accounts/{account_id},0.0
1780098390,2026-05-29T23:46:30,/accounts/{account_id},0.0
1780098405,2026-05-29T23:46:45,/accounts/{account_id},0.0
1780098420,2026-05-29T23:47:00,/accounts/{account_id},0.0
1780098435,2026-05-29T23:47:15,/accounts/{account_id},0.0
1780098450,2026-05-29T23:47:30,/accounts/{account_id},0.0
1780098465,2026-05-29T23:47:45,/accounts/{account_id},0.0
1780098480,2026-05-29T23:48:00,/accounts/{account_id},0.0
1780098495,2026-05-29T23:48:15,/accounts/{account_id},0.0
1780098510,2026-05-29T23:48:30,/accounts/{account_id},0.0
1780098525,2026-05-29T23:48:45,/accounts/{account_id},0.0
1780098540,2026-05-29T23:49:00,/accounts/{account_id},0.0
1780098555,2026-05-29T23:49:15,/accounts/{account_id},0.0
1780098570,2026-05-29T23:49:30,/accounts/{account_id},0.0
1780098585,2026-05-29T23:49:45,/accounts/{account_id},0.0
1780098600,2026-05-29T23:50:00,/accounts/{account_id},0.0
1780098615,2026-05-29T23:50:15,/accounts/{account_id},0.0
1780098630,2026-05-29T23:50:30,/accounts/{account_id},0.0
1780098645,2026-05-29T23:50:45,/accounts/{account_id},0.0
1780098660,2026-05-29T23:51:00,/accounts/{account_id},0.0
1780098675,2026-05-29T23:51:15,/accounts/{account_id},0.0
1780098690,2026-05-29T23:51:30,/accounts/{account_id},0.0
1780098705,2026-05-29T23:51:45,/accounts/{account_id},0.0
1780098720,2026-05-29T23:52:00,/accounts/{account_id},0.0
1780098735,2026-05-29T23:52:15,/accounts/{account_id},0.0
1780098750,2026-05-29T23:52:30,/accounts/{account_id},0.0
1780098765,2026-05-29T23:52:45,/accounts/{account_id},0.0
1780098780,2026-05-29T23:53:00,/accounts/{account_id},0.0
1780098795,2026-05-29T23:53:15,/accounts/{account_id},0.0
1780098810,2026-05-29T23:53:30,/accounts/{account_id},0.0
1780098825,2026-05-29T23:53:45,/accounts/{account_id},0.0
1780098840,2026-05-29T23:54:00,/accounts/{account_id},0.0
1780098855,2026-05-29T23:54:15,/accounts/{account_id},0.0
1780098870,2026-05-29T23:54:30,/accounts/{account_id},0.0
1780098885,2026-05-29T23:54:45,/accounts/{account_id},0.0
1780098900,2026-05-29T23:55:00,/accounts/{account_id},0.0
1780098915,2026-05-29T23:55:15,/accounts/{account_id},0.0
1780098930,2026-05-29T23:55:30,/accounts/{account_id},0.0
1780098945,2026-05-29T23:55:45,/accounts/{account_id},0.0
1780098960,2026-05-29T23:56:00,/accounts/{account_id},0.0
1780098975,2026-05-29T23:56:15,/accounts/{account_id},0.0
1780098990,2026-05-29T23:56:30,/accounts/{account_id},0.0
1780099005,2026-05-29T23:56:45,/accounts/{account_id},0.0
1780099020,2026-05-29T23:57:00,/accounts/{account_id},0.0
1780099035,2026-05-29T23:57:15,/accounts/{account_id},0.0
1780099050,2026-05-29T23:57:30,/accounts/{account_id},0.0
1780099065,2026-05-29T23:57:45,/accounts/{account_id},0.0
1780099080,2026-05-29T23:58:00,/accounts/{account_id},0.0
1780099095,2026-05-29T23:58:15,/accounts/{account_id},0.0
1780099110,2026-05-29T23:58:30,/accounts/{account_id},0.0
1780099125,2026-05-29T23:58:45,/accounts/{account_id},0.0
1780099140,2026-05-29T23:59:00,/accounts/{account_id},0.0
1780099155,2026-05-29T23:59:15,/accounts/{account_id},0.0
1780099170,2026-05-29T23:59:30,/accounts/{account_id},0.0
1780099185,2026-05-29T23:59:45,/accounts/{account_id},0.0
1780099200,2026-05-30T00:00:00,/accounts/{account_id},0.0
