timestamp,datetime_utc,handler,value
1780080120,2026-05-29T18:42:00,/accounts/{account_id},49.99661016949152
1780080135,2026-05-29T18:42:15,/accounts/{account_id},49.62372881355932
1780080150,2026-05-29T18:42:30,/accounts/{account_id},49.09152542372882
1780080165,2026-05-29T18:42:45,/accounts/{account_id},49.8
1780080180,2026-05-29T18:43:00,/accounts/{account_id},49.40677966101695
1780080195,2026-05-29T18:43:15,/accounts/{account_id},48.5728813559322
1780080210,2026-05-29T18:43:30,/accounts/{account_id},49.494915254237284
1780080225,2026-05-29T18:43:45,/accounts/{account_id},49.5864406779661
1780080240,2026-05-29T18:44:00,/accounts/{account_id},48.33898305084745
1780080255,2026-05-29T18:44:15,/accounts/{account_id},48.54237288135593
1780080270,2026-05-29T18:44:30,/accounts/{account_id},48.23050847457627
1780080285,2026-05-29T18:44:45,/accounts/{account_id},48.80338983050847
1780080300,2026-05-29T18:45:00,/accounts/{account_id},48.49152542372881
1780080315,2026-05-29T18:45:15,/accounts/{account_id},48.51525423728813
1780080330,2026-05-29T18:45:30,/accounts/{account_id},49.68813559322034
1780080345,2026-05-29T18:45:45,/accounts/{account_id},49.199999999999996
1780080360,2026-05-29T18:46:00,/accounts/{account_id},49.4135593220339
1780080375,2026-05-29T18:46:15,/accounts/{account_id},50.57847091025645
1780080390,2026-05-29T18:46:30,/accounts/{account_id},50.02033898305085
1780080405,2026-05-29T18:46:45,/accounts/{account_id},49.3593220338983
1780080420,2026-05-29T18:47:00,/accounts/{account_id},49.35593220338983
1780080435,2026-05-29T18:47:15,/accounts/{account_id},50.08135593220339
1780080450,2026-05-29T18:47:30,/accounts/{account_id},50.13898305084746
1780080465,2026-05-29T18:47:45,/accounts/{account_id},49.593220338983045
1780080480,2026-05-29T18:48:00,/accounts/{account_id},49.95540906671007
1780080495,2026-05-29T18:48:15,/accounts/{account_id},50.17627118644068
1780080510,2026-05-29T18:48:30,/accounts/{account_id},49.15559894509189
1780080525,2026-05-29T18:48:45,/accounts/{account_id},49.42030801746358
1780080540,2026-05-29T18:49:00,/accounts/{account_id},50.813559322033896
1780080555,2026-05-29T18:49:15,/accounts/{account_id},51.187624716687736
1780080570,2026-05-29T18:49:30,/accounts/{account_id},49.59866579770535
1780080585,2026-05-29T18:49:45,/accounts/{account_id},51.59322033898305
1780080600,2026-05-29T18:50:00,/accounts/{account_id},51.949152542372886
1780080615,2026-05-29T18:50:15,/accounts/{account_id},52.461016949152544
1780080630,2026-05-29T18:50:30,/accounts/{account_id},51.467098751203366
1780080645,2026-05-29T18:50:45,/accounts/{account_id},52.152542372881356
1780080660,2026-05-29T18:51:00,/accounts/{account_id},52.094915254237286
1780080675,2026-05-29T18:51:15,/accounts/{account_id},51.52542372881356
1780080690,2026-05-29T18:51:30,/accounts/{account_id},51.820338983050846
1780080705,2026-05-29T18:51:45,/accounts/{account_id},52.81694915254237
1780080720,2026-05-29T18:52:00,/accounts/{account_id},53.0135593220339
1780080735,2026-05-29T18:52:15,/accounts/{account_id},51.70847457627118
1780080750,2026-05-29T18:52:30,/accounts/{account_id},52.18305084745763
1780080765,2026-05-29T18:52:45,/accounts/{account_id},53.29830508474576
1780080780,2026-05-29T18:53:00,/accounts/{account_id},52.95243904505328
1780080795,2026-05-29T18:53:15,/accounts/{account_id},52.54974492388365
1780080810,2026-05-29T18:53:30,/accounts/{account_id},53.73058486762987
1780080825,2026-05-29T18:53:45,/accounts/{account_id},53.423728813559315
1780080840,2026-05-29T18:54:00,/accounts/{account_id},52.90169491525424
1780080855,2026-05-29T18:54:15,/accounts/{account_id},52.87918896658317
1780080870,2026-05-29T18:54:30,/accounts/{account_id},53.22372881355932
1780080885,2026-05-29T18:54:45,/accounts/{account_id},52.78608280621826
1780080900,2026-05-29T18:55:00,/accounts/{account_id},51.4271186440678
1780080915,2026-05-29T18:55:15,/accounts/{account_id},51.762711864406775
1780080930,2026-05-29T18:55:30,/accounts/{account_id},50.87118644067797
1780080945,2026-05-29T18:55:45,/accounts/{account_id},50.46357929966836
1780080960,2026-05-29T18:56:00,/accounts/{account_id},50.213559322033895
1780080975,2026-05-29T18:56:15,/accounts/{account_id},48.87262567251463
1780080990,2026-05-29T18:56:30,/accounts/{account_id},47.821295825498964
1780081005,2026-05-29T18:56:45,/accounts/{account_id},47.969491525423734
1780081020,2026-05-29T18:57:00,/accounts/{account_id},47.57856949336223
1780081035,2026-05-29T18:57:15,/accounts/{account_id},47.62711864406779
1780081050,2026-05-29T18:57:30,/accounts/{account_id},46.79093656407963
1780081065,2026-05-29T18:57:45,/accounts/{account_id},46.21016949152542
1780081080,2026-05-29T18:58:00,/accounts/{account_id},47.09152542372881
1780081095,2026-05-29T18:58:15,/accounts/{account_id},45.73898305084746
1780081110,2026-05-29T18:58:30,/accounts/{account_id},45.02758620689656
1780081125,2026-05-29T18:58:45,/accounts/{account_id},44.68135593220339
1780081140,2026-05-29T18:59:00,/accounts/{account_id},44.16384851468948
1780081155,2026-05-29T18:59:15,/accounts/{account_id},44.63389830508475
1780081170,2026-05-29T18:59:30,/accounts/{account_id},45.3864406779661
1780081185,2026-05-29T18:59:45,/accounts/{account_id},46.05423728813559
1780081200,2026-05-29T19:00:00,/accounts/{account_id},46.71525423728813
1780081215,2026-05-29T19:00:15,/accounts/{account_id},45.720999428500434
1780081230,2026-05-29T19:00:30,/accounts/{account_id},45.38779425953233
1780081245,2026-05-29T19:00:45,/accounts/{account_id},47.59322033898305
1780081260,2026-05-29T19:01:00,/accounts/{account_id},46.73898305084746
1780081275,2026-05-29T19:01:15,/accounts/{account_id},47.729393204295235
1780081290,2026-05-29T19:01:30,/accounts/{account_id},47.85084745762712
1780081305,2026-05-29T19:01:45,/accounts/{account_id},46.73478034240977
1780081320,2026-05-29T19:02:00,/accounts/{account_id},48.01315521801044
1780081335,2026-05-29T19:02:15,/accounts/{account_id},48.593220338983045
1780081350,2026-05-29T19:02:30,/accounts/{account_id},48.9963240899158
1780081365,2026-05-29T19:02:45,/accounts/{account_id},48.79661016949152
1780081380,2026-05-29T19:03:00,/accounts/{account_id},48.22033898305085
1780081395,2026-05-29T19:03:15,/accounts/{account_id},49.264406779661016
1780081410,2026-05-29T19:03:30,/accounts/{account_id},49.70092589136977
1780081425,2026-05-29T19:03:45,/accounts/{account_id},49.66101694915254
1780081440,2026-05-29T19:04:00,/accounts/{account_id},49.77966101694915
1780081455,2026-05-29T19:04:15,/accounts/{account_id},49.81983234068806
1780081470,2026-05-29T19:04:30,/accounts/{account_id},49.325423728813554
1780081485,2026-05-29T19:04:45,/accounts/{account_id},48.4289077989514
1780081500,2026-05-29T19:05:00,/accounts/{account_id},49.31525423728813
1780081515,2026-05-29T19:05:15,/accounts/{account_id},50.04745762711864
1780081530,2026-05-29T19:05:30,/accounts/{account_id},50.41051125770345
1780081545,2026-05-29T19:05:45,/accounts/{account_id},49.01355932203389
1780081560,2026-05-29T19:06:00,/accounts/{account_id},49.708474576271186
1780081575,2026-05-29T19:06:15,/accounts/{account_id},49.44440301290178
1780081590,2026-05-29T19:06:30,/accounts/{account_id},49.786946985901544
1780081605,2026-05-29T19:06:45,/accounts/{account_id},49.53559322033898
1780081620,2026-05-29T19:07:00,/accounts/{account_id},50.1322033898305
1780081635,2026-05-29T19:07:15,/accounts/{account_id},49.97593236656022
1780081650,2026-05-29T19:07:30,/accounts/{account_id},49.32881355932203
1780081665,2026-05-29T19:07:45,/accounts/{account_id},50.023728813559316
1780081680,2026-05-29T19:08:00,/accounts/{account_id},50.48474576271186
1780081695,2026-05-29T19:08:15,/accounts/{account_id},50.33898305084745
1780081710,2026-05-29T19:08:30,/accounts/{account_id},50.27830697157269
1780081725,2026-05-29T19:08:45,/accounts/{account_id},50.58983050847457
1780081740,2026-05-29T19:09:00,/accounts/{account_id},50.22372881355932
1780081755,2026-05-29T19:09:15,/accounts/{account_id},50.152542372881356
1780081770,2026-05-29T19:09:30,/accounts/{account_id},49.52542372881356
1780081785,2026-05-29T19:09:45,/accounts/{account_id},50.28596240086298
1780081800,2026-05-29T19:10:00,/accounts/{account_id},49.3864406779661
1780081815,2026-05-29T19:10:15,/accounts/{account_id},48.51344526136313
1780081830,2026-05-29T19:10:30,/accounts/{account_id},48.17966101694915
1780081845,2026-05-29T19:10:45,/accounts/{account_id},48.83050847457627
1780081860,2026-05-29T19:11:00,/accounts/{account_id},49.62499830469395
1780081875,2026-05-29T19:11:15,/accounts/{account_id},48.833898305084745
1780081890,2026-05-29T19:11:30,/accounts/{account_id},49.0406779661017
1780081905,2026-05-29T19:11:45,/accounts/{account_id},48.50847457627118
1780081920,2026-05-29T19:12:00,/accounts/{account_id},48.094915254237286
1780081935,2026-05-29T19:12:15,/accounts/{account_id},47.68474576271186
1780081950,2026-05-29T19:12:30,/accounts/{account_id},48.152542372881356
1780081965,2026-05-29T19:12:45,/accounts/{account_id},48.16949152542372
1780081980,2026-05-29T19:13:00,/accounts/{account_id},48.54915254237288
1780081995,2026-05-29T19:13:15,/accounts/{account_id},47.42372881355932
1780082010,2026-05-29T19:13:30,/accounts/{account_id},47.75593220338983
1780082025,2026-05-29T19:13:45,/accounts/{account_id},48.206779661016945
1780082040,2026-05-29T19:14:00,/accounts/{account_id},47.12881355932203
1780082055,2026-05-29T19:14:15,/accounts/{account_id},47.03050847457627
1780082070,2026-05-29T19:14:30,/accounts/{account_id},48.49830508474576
1780082085,2026-05-29T19:14:45,/accounts/{account_id},48.76271186440678
1780082100,2026-05-29T19:15:00,/accounts/{account_id},48.12542372881356
1780082115,2026-05-29T19:15:15,/accounts/{account_id},47.46174555467722
1780082130,2026-05-29T19:15:30,/accounts/{account_id},47.82168320727852
1780082145,2026-05-29T19:15:45,/accounts/{account_id},49.08474576271186
1780082160,2026-05-29T19:16:00,/accounts/{account_id},48.559322033898304
1780082175,2026-05-29T19:16:15,/accounts/{account_id},48.191169916720895
1780082190,2026-05-29T19:16:30,/accounts/{account_id},48.937071228931984
1780082205,2026-05-29T19:16:45,/accounts/{account_id},49.37966101694915
1780082220,2026-05-29T19:17:00,/accounts/{account_id},49.73898305084746
1780082235,2026-05-29T19:17:15,/accounts/{account_id},49.14545679041185
1780082250,2026-05-29T19:17:30,/accounts/{account_id},49.39161100967146
1780082265,2026-05-29T19:17:45,/accounts/{account_id},49.56949152542373
1780082280,2026-05-29T19:18:00,/accounts/{account_id},50.18305084745763
1780082295,2026-05-29T19:18:15,/accounts/{account_id},50.3593220338983
1780082310,2026-05-29T19:18:30,/accounts/{account_id},50.867796610169485
1780082325,2026-05-29T19:18:45,/accounts/{account_id},49.041998748692215
1780082340,2026-05-29T19:19:00,/accounts/{account_id},50.02381565666732
1780082355,2026-05-29T19:19:15,/accounts/{account_id},50.52203389830508
1780082370,2026-05-29T19:19:30,/accounts/{account_id},49.05580355427248
1780082385,2026-05-29T19:19:45,/accounts/{account_id},49.51186440677966
1780082400,2026-05-29T19:20:00,/accounts/{account_id},50.24067796610169
1780082415,2026-05-29T19:20:15,/accounts/{account_id},50.57627118644068
1780082430,2026-05-29T19:20:30,/accounts/{account_id},49.99322033898305
1780082445,2026-05-29T19:20:45,/accounts/{account_id},49.9593220338983
1780082460,2026-05-29T19:21:00,/accounts/{account_id},50.66180136124553
1780082475,2026-05-29T19:21:15,/accounts/{account_id},50.64798076238218
1780082490,2026-05-29T19:21:30,/accounts/{account_id},49.60677966101695
1780082505,2026-05-29T19:21:45,/accounts/{account_id},50.27796610169491
1780082520,2026-05-29T19:22:00,/accounts/{account_id},51.061016949152545
1780082535,2026-05-29T19:22:15,/accounts/{account_id},50.95593220338983
1780082550,2026-05-29T19:22:30,/accounts/{account_id},49.898305084745765
1780082565,2026-05-29T19:22:45,/accounts/{account_id},50.79322033898305
1780082580,2026-05-29T19:23:00,/accounts/{account_id},50.85084745762712
1780082595,2026-05-29T19:23:15,/accounts/{account_id},50.39152370658255
1780082610,2026-05-29T19:23:30,/accounts/{account_id},49.861016949152535
1780082625,2026-05-29T19:23:45,/accounts/{account_id},50.3457627118644
1780082640,2026-05-29T19:24:00,/accounts/{account_id},50.47796610169491
1780082655,2026-05-29T19:24:15,/accounts/{account_id},49.40338983050847
1780082670,2026-05-29T19:24:30,/accounts/{account_id},49.98187466756107
1780082685,2026-05-29T19:24:45,/accounts/{account_id},49.171087194394026
1780082700,2026-05-29T19:25:00,/accounts/{account_id},50.33898305084746
1780082715,2026-05-29T19:25:15,/accounts/{account_id},49.32542372881356
1780082730,2026-05-29T19:25:30,/accounts/{account_id},49.942372881355936
1780082745,2026-05-29T19:25:45,/accounts/{account_id},50.09152542372881
1780082760,2026-05-29T19:26:00,/accounts/{account_id},50.37966101694915
1780082775,2026-05-29T19:26:15,/accounts/{account_id},49.715254237288136
1780082790,2026-05-29T19:26:30,/accounts/{account_id},51.152542372881356
1780082805,2026-05-29T19:26:45,/accounts/{account_id},50.04369801350509
1780082820,2026-05-29T19:27:00,/accounts/{account_id},50.21694915254237
1780082835,2026-05-29T19:27:15,/accounts/{account_id},49.85423728813559
1780082850,2026-05-29T19:27:30,/accounts/{account_id},50.69830508474576
1780082865,2026-05-29T19:27:45,/accounts/{account_id},50.54915254237288
1780082880,2026-05-29T19:28:00,/accounts/{account_id},50.291525423728814
1780082895,2026-05-29T19:28:15,/accounts/{account_id},50.07118644067796
1780082910,2026-05-29T19:28:30,/accounts/{account_id},50.11864406779661
1780082925,2026-05-29T19:28:45,/accounts/{account_id},50.191415116712406
1780082940,2026-05-29T19:29:00,/accounts/{account_id},49.37966101694915
1780082955,2026-05-29T19:29:15,/accounts/{account_id},49.945762711864404
1780082970,2026-05-29T19:29:30,/accounts/{account_id},50.37288135593221
1780082985,2026-05-29T19:29:45,/accounts/{account_id},49.99915186674131
1780083000,2026-05-29T19:30:00,/accounts/{account_id},49.42372881355932
1780083015,2026-05-29T19:30:15,/accounts/{account_id},49.35254237288136
1780083030,2026-05-29T19:30:30,/accounts/{account_id},48.20365331127453
1780083045,2026-05-29T19:30:45,/accounts/{account_id},49.016949152542374
1780083060,2026-05-29T19:31:00,/accounts/{account_id},47.42287084120558
1780083075,2026-05-29T19:31:15,/accounts/{account_id},47.823491019952
1780083090,2026-05-29T19:31:30,/accounts/{account_id},48.47457627118644
1780083105,2026-05-29T19:31:45,/accounts/{account_id},48.143524894337304
1780083120,2026-05-29T19:32:00,/accounts/{account_id},48.80677966101695
1780083135,2026-05-29T19:32:15,/accounts/{account_id},48.26779661016949
1780083150,2026-05-29T19:32:30,/accounts/{account_id},47.7864406779661
1780083165,2026-05-29T19:32:45,/accounts/{account_id},46.82372881355932
1780083180,2026-05-29T19:33:00,/accounts/{account_id},46.81775988093126
1780083195,2026-05-29T19:33:15,/accounts/{account_id},48.30508474576271
1780083210,2026-05-29T19:33:30,/accounts/{account_id},47.79939948405987
1780083225,2026-05-29T19:33:45,/accounts/{account_id},47.63389830508475
1780083240,2026-05-29T19:34:00,/accounts/{account_id},48.69830508474576
1780083255,2026-05-29T19:34:15,/accounts/{account_id},49.02033898305085
1780083270,2026-05-29T19:34:30,/accounts/{account_id},48.067796610169495
1780083285,2026-05-29T19:34:45,/accounts/{account_id},48.97966101694915
1780083300,2026-05-29T19:35:00,/accounts/{account_id},48.81389444592071
1780083315,2026-05-29T19:35:15,/accounts/{account_id},48.499700975308635
1780083330,2026-05-29T19:35:30,/accounts/{account_id},48.96271186440678
1780083345,2026-05-29T19:35:45,/accounts/{account_id},49.49830508474576
1780083360,2026-05-29T19:36:00,/accounts/{account_id},49.93316913974774
1780083375,2026-05-29T19:36:15,/accounts/{account_id},50.02033898305085
1780083390,2026-05-29T19:36:30,/accounts/{account_id},49.42372881355932
1780083405,2026-05-29T19:36:45,/accounts/{account_id},49.08511402993392
1780083420,2026-05-29T19:37:00,/accounts/{account_id},50.30508474576271
1780083435,2026-05-29T19:37:15,/accounts/{account_id},49.827118644067795
1780083450,2026-05-29T19:37:30,/accounts/{account_id},51.166101694915255
1780083465,2026-05-29T19:37:45,/accounts/{account_id},51.199999999999996
1780083480,2026-05-29T19:38:00,/accounts/{account_id},51.16610169491525
1780083495,2026-05-29T19:38:15,/accounts/{account_id},50.21304868086088
1780083510,2026-05-29T19:38:30,/accounts/{account_id},50.562750591922715
1780083525,2026-05-29T19:38:45,/accounts/{account_id},50.00677966101695
1780083540,2026-05-29T19:39:00,/accounts/{account_id},49.55626817808934
1780083555,2026-05-29T19:39:15,/accounts/{account_id},48.67457627118644
1780083570,2026-05-29T19:39:30,/accounts/{account_id},49.52881355932203
1780083585,2026-05-29T19:39:45,/accounts/{account_id},49.461016949152544
1780083600,2026-05-29T19:40:00,/accounts/{account_id},49.32203389830509
1780083615,2026-05-29T19:40:15,/accounts/{account_id},48.94030503749377
1780083630,2026-05-29T19:40:30,/accounts/{account_id},49.92203389830508
1780083645,2026-05-29T19:40:45,/accounts/{account_id},50.09152542372881
1780083660,2026-05-29T19:41:00,/accounts/{account_id},49.010169491525424
1780083675,2026-05-29T19:41:15,/accounts/{account_id},49.284745762711864
1780083690,2026-05-29T19:41:30,/accounts/{account_id},49.72542372881356
1780083705,2026-05-29T19:41:45,/accounts/{account_id},49.89830508474576
1780083720,2026-05-29T19:42:00,/accounts/{account_id},48.7728813559322
1780083735,2026-05-29T19:42:15,/accounts/{account_id},49.715254237288136
1780083750,2026-05-29T19:42:30,/accounts/{account_id},50.08135593220339
1780083765,2026-05-29T19:42:45,/accounts/{account_id},49.623728813559325
1780083780,2026-05-29T19:43:00,/accounts/{account_id},49.29830508474576
1780083795,2026-05-29T19:43:15,/accounts/{account_id},49.74237288135593
1780083810,2026-05-29T19:43:30,/accounts/{account_id},50.657627118644065
1780083825,2026-05-29T19:43:45,/accounts/{account_id},50.0406779661017
1780083840,2026-05-29T19:44:00,/accounts/{account_id},51.0
1780083855,2026-05-29T19:44:15,/accounts/{account_id},50.698305084745755
1780083870,2026-05-29T19:44:30,/accounts/{account_id},50.31199398369907
1780083885,2026-05-29T19:44:45,/accounts/{account_id},49.437288135593214
1780083900,2026-05-29T19:45:00,/accounts/{account_id},49.55764951306165
1780083915,2026-05-29T19:45:15,/accounts/{account_id},49.286514018731374
1780083930,2026-05-29T19:45:30,/accounts/{account_id},49.09152542372881
1780083945,2026-05-29T19:45:45,/accounts/{account_id},47.76271186440678
1780083960,2026-05-29T19:46:00,/accounts/{account_id},47.624219176660475
1780083975,2026-05-29T19:46:15,/accounts/{account_id},48.00677966101695
1780083990,2026-05-29T19:46:30,/accounts/{account_id},46.84406779661017
1780084005,2026-05-29T19:46:45,/accounts/{account_id},46.68135593220339
1780084020,2026-05-29T19:47:00,/accounts/{account_id},47.67796610169491
1780084035,2026-05-29T19:47:15,/accounts/{account_id},47.36271186440678
1780084050,2026-05-29T19:47:30,/accounts/{account_id},45.83207360248448
1780084065,2026-05-29T19:47:45,/accounts/{account_id},47.63050847457627
1780084080,2026-05-29T19:48:00,/accounts/{account_id},47.311864406779655
1780084095,2026-05-29T19:48:15,/accounts/{account_id},47.02372881355932
1780084110,2026-05-29T19:48:30,/accounts/{account_id},45.98273910007389
1780084125,2026-05-29T19:48:45,/accounts/{account_id},46.90169491525423
1780084140,2026-05-29T19:49:00,/accounts/{account_id},46.86101694915254
1780084155,2026-05-29T19:49:15,/accounts/{account_id},47.230508474576276
1780084170,2026-05-29T19:49:30,/accounts/{account_id},46.97256289787865
1780084185,2026-05-29T19:49:45,/accounts/{account_id},47.34269384877185
1780084200,2026-05-29T19:50:00,/accounts/{account_id},47.802561275549145
1780084215,2026-05-29T19:50:15,/accounts/{account_id},47.60289538488675
1780084230,2026-05-29T19:50:30,/accounts/{account_id},47.67457627118644
1780084245,2026-05-29T19:50:45,/accounts/{account_id},48.05084745762712
1780084260,2026-05-29T19:51:00,/accounts/{account_id},48.223728813559326
1780084275,2026-05-29T19:51:15,/accounts/{account_id},48.19032057953131
1780084290,2026-05-29T19:51:30,/accounts/{account_id},48.69830508474576
1780084305,2026-05-29T19:51:45,/accounts/{account_id},48.257627118644066
1780084320,2026-05-29T19:52:00,/accounts/{account_id},47.90169491525424
1780084335,2026-05-29T19:52:15,/accounts/{account_id},47.03728813559322
1780084350,2026-05-29T19:52:30,/accounts/{account_id},47.20677966101695
1780084365,2026-05-29T19:52:45,/accounts/{account_id},47.708474576271186
1780084380,2026-05-29T19:53:00,/accounts/{account_id},47.86101694915254
1780084395,2026-05-29T19:53:15,/accounts/{account_id},48.76949152542373
1780084410,2026-05-29T19:53:30,/accounts/{account_id},48.7728813559322
1780084425,2026-05-29T19:53:45,/accounts/{account_id},48.24067796610169
1780084440,2026-05-29T19:54:00,/accounts/{account_id},45.851428074542106
1780084455,2026-05-29T19:54:15,/accounts/{account_id},46.64378319086028
1780084470,2026-05-29T19:54:30,/accounts/{account_id},46.55593220338982
1780084485,2026-05-29T19:54:45,/accounts/{account_id},45.644032819721716
1780084500,2026-05-29T19:55:00,/accounts/{account_id},45.40677966101694
1780084515,2026-05-29T19:55:15,/accounts/{account_id},45.211786226600985
1780084530,2026-05-29T19:55:30,/accounts/{account_id},45.41649353396029
1780084545,2026-05-29T19:55:45,/accounts/{account_id},45.364771245151346
1780084560,2026-05-29T19:56:00,/accounts/{account_id},43.847628163305146
1780084575,2026-05-29T19:56:15,/accounts/{account_id},44.199999999999996
1780084590,2026-05-29T19:56:30,/accounts/{account_id},43.84406779661017
1780084605,2026-05-29T19:56:45,/accounts/{account_id},43.41365354586431
1780084620,2026-05-29T19:57:00,/accounts/{account_id},43.86285993167399
1780084635,2026-05-29T19:57:15,/accounts/{account_id},44.41694915254237
1780084650,2026-05-29T19:57:30,/accounts/{account_id},44.812726977071925
1780084665,2026-05-29T19:57:45,/accounts/{account_id},44.559322033898304
1780084680,2026-05-29T19:58:00,/accounts/{account_id},44.78305084745762
1780084695,2026-05-29T19:58:15,/accounts/{account_id},44.271186440677965
1780084710,2026-05-29T19:58:30,/accounts/{account_id},44.67457627118644
1780084725,2026-05-29T19:58:45,/accounts/{account_id},45.718973747016705
1780084740,2026-05-29T19:59:00,/accounts/{account_id},45.911864406779664
1780084755,2026-05-29T19:59:15,/accounts/{account_id},46.061016949152545
1780084770,2026-05-29T19:59:30,/accounts/{account_id},47.53220338983051
1780084785,2026-05-29T19:59:45,/accounts/{account_id},47.78285516553528
1780084800,2026-05-29T20:00:00,/accounts/{account_id},48.80338983050847
1780084815,2026-05-29T20:00:15,/accounts/{account_id},48.95999457093414
1780084830,2026-05-29T20:00:30,/accounts/{account_id},48.947609436746326
1780084845,2026-05-29T20:00:45,/accounts/{account_id},49.7864406779661
1780084860,2026-05-29T20:01:00,/accounts/{account_id},49.22039174452371
1780084875,2026-05-29T20:01:15,/accounts/{account_id},50.97627118644068
1780084890,2026-05-29T20:01:30,/accounts/{account_id},51.68813559322034
1780084905,2026-05-29T20:01:45,/accounts/{account_id},51.05200853410761
1780084920,2026-05-29T20:02:00,/accounts/{account_id},51.56271186440678
1780084935,2026-05-29T20:02:15,/accounts/{account_id},51.396610169491524
1780084950,2026-05-29T20:02:30,/accounts/{account_id},50.62444679820093
1780084965,2026-05-29T20:02:45,/accounts/{account_id},51.12507711812123
1780084980,2026-05-29T20:03:00,/accounts/{account_id},51.29491525423729
1780084995,2026-05-29T20:03:15,/accounts/{account_id},51.57627118644068
1780085010,2026-05-29T20:03:30,/accounts/{account_id},51.60338983050847
1780085025,2026-05-29T20:03:45,/accounts/{account_id},51.454237288135594
1780085040,2026-05-29T20:04:00,/accounts/{account_id},51.34534766384255
1780085055,2026-05-29T20:04:15,/accounts/{account_id},50.874576271186434
1780085070,2026-05-29T20:04:30,/accounts/{account_id},50.015935789799784
1780085085,2026-05-29T20:04:45,/accounts/{account_id},51.220338983050844
1780085100,2026-05-29T20:05:00,/accounts/{account_id},51.213559322033895
1780085115,2026-05-29T20:05:15,/accounts/{account_id},50.99322033898305
1780085130,2026-05-29T20:05:30,/accounts/{account_id},50.02033898305085
1780085145,2026-05-29T20:05:45,/accounts/{account_id},51.34915254237288
1780085160,2026-05-29T20:06:00,/accounts/{account_id},50.65423728813559
1780085175,2026-05-29T20:06:15,/accounts/{account_id},50.42372881355932
1780085190,2026-05-29T20:06:30,/accounts/{account_id},49.216759715973765
1780085205,2026-05-29T20:06:45,/accounts/{account_id},50.1728813559322
1780085220,2026-05-29T20:07:00,/accounts/{account_id},50.14237288135593
1780085235,2026-05-29T20:07:15,/accounts/{account_id},48.08051282051281
1780085250,2026-05-29T20:07:30,/accounts/{account_id},49.134340103933475
1780085265,2026-05-29T20:07:45,/accounts/{account_id},48.14464813656248
1780085280,2026-05-29T20:08:00,/accounts/{account_id},49.067796610169495
1780085295,2026-05-29T20:08:15,/accounts/{account_id},47.762711864406775
1780085310,2026-05-29T20:08:30,/accounts/{account_id},48.68135593220339
1780085325,2026-05-29T20:08:45,/accounts/{account_id},48.070526144306704
1780085340,2026-05-29T20:09:00,/accounts/{account_id},48.529606143897624
1780085355,2026-05-29T20:09:15,/accounts/{account_id},46.99322033898305
1780085370,2026-05-29T20:09:30,/accounts/{account_id},47.905105626636626
1780085385,2026-05-29T20:09:45,/accounts/{account_id},46.69786504469987
1780085400,2026-05-29T20:10:00,/accounts/{account_id},47.14576271186441
1780085415,2026-05-29T20:10:15,/accounts/{account_id},46.840677966101694
1780085430,2026-05-29T20:10:30,/accounts/{account_id},47.12881355932203
1780085445,2026-05-29T20:10:45,/accounts/{account_id},46.603389830508476
1780085460,2026-05-29T20:11:00,/accounts/{account_id},47.18983050847458
1780085475,2026-05-29T20:11:15,/accounts/{account_id},47.24612153648127
1780085490,2026-05-29T20:11:30,/accounts/{account_id},47.349325347489234
1780085505,2026-05-29T20:11:45,/accounts/{account_id},46.931151161254704
1780085520,2026-05-29T20:12:00,/accounts/{account_id},46.03728813559322
1780085535,2026-05-29T20:12:15,/accounts/{account_id},47.808521680727004
1780085550,2026-05-29T20:12:30,/accounts/{account_id},47.6667534457967
1780085565,2026-05-29T20:12:45,/accounts/{account_id},47.06779661016949
1780085580,2026-05-29T20:13:00,/accounts/{account_id},47.31864406779661
1780085595,2026-05-29T20:13:15,/accounts/{account_id},47.42372881355932
1780085610,2026-05-29T20:13:30,/accounts/{account_id},46.55301579338094
1780085625,2026-05-29T20:13:45,/accounts/{account_id},46.79947491782871
1780085640,2026-05-29T20:14:00,/accounts/{account_id},46.80795442754112
1780085655,2026-05-29T20:14:15,/accounts/{account_id},46.559322033898304
1780085670,2026-05-29T20:14:30,/accounts/{account_id},46.650847457627115
1780085685,2026-05-29T20:14:45,/accounts/{account_id},44.39712418300654
1780085700,2026-05-29T20:15:00,/accounts/{account_id},46.24406779661017
1780085715,2026-05-29T20:15:15,/accounts/{account_id},45.29830508474576
1780085730,2026-05-29T20:15:30,/accounts/{account_id},44.75254237288136
1780085745,2026-05-29T20:15:45,/accounts/{account_id},44.47904151083885
1780085760,2026-05-29T20:16:00,/accounts/{account_id},44.40677966101695
1780085775,2026-05-29T20:16:15,/accounts/{account_id},45.0406779661017
1780085790,2026-05-29T20:16:30,/accounts/{account_id},44.98983050847457
1780085805,2026-05-29T20:16:45,/accounts/{account_id},45.223728813559326
1780085820,2026-05-29T20:17:00,/accounts/{account_id},45.440677966101696
1780085835,2026-05-29T20:17:15,/accounts/{account_id},44.925423728813556
1780085850,2026-05-29T20:17:30,/accounts/{account_id},44.957010918615936
1780085865,2026-05-29T20:17:45,/accounts/{account_id},45.34891665659895
1780085880,2026-05-29T20:18:00,/accounts/{account_id},45.891525423728815
1780085895,2026-05-29T20:18:15,/accounts/{account_id},46.16271186440678
1780085910,2026-05-29T20:18:30,/accounts/{account_id},46.36093752118098
1780085925,2026-05-29T20:18:45,/accounts/{account_id},45.75378315344145
1780085940,2026-05-29T20:19:00,/accounts/{account_id},46.096331426787984
1780085955,2026-05-29T20:19:15,/accounts/{account_id},46.32881355932203
1780085970,2026-05-29T20:19:30,/accounts/{account_id},47.159322033898306
1780085985,2026-05-29T20:19:45,/accounts/{account_id},46.324946394159
1780086000,2026-05-29T20:20:00,/accounts/{account_id},47.030508474576266
1780086015,2026-05-29T20:20:15,/accounts/{account_id},47.94237288135593
1780086030,2026-05-29T20:20:30,/accounts/{account_id},46.52426889640571
1780086045,2026-05-29T20:20:45,/accounts/{account_id},48.575777195486154
1780086060,2026-05-29T20:21:00,/accounts/{account_id},48.53508065024631
1780086075,2026-05-29T20:21:15,/accounts/{account_id},49.552542372881355
1780086090,2026-05-29T20:21:30,/accounts/{account_id},49.02033898305085
1780086105,2026-05-29T20:21:45,/accounts/{account_id},49.59322033898305
1780086120,2026-05-29T20:22:00,/accounts/{account_id},50.0
1780086135,2026-05-29T20:22:15,/accounts/{account_id},50.207518083718725
1780086150,2026-05-29T20:22:30,/accounts/{account_id},49.12542372881356
1780086165,2026-05-29T20:22:45,/accounts/{account_id},49.46440677966102
1780086180,2026-05-29T20:23:00,/accounts/{account_id},47.67685185185184
1780086195,2026-05-29T20:23:15,/accounts/{account_id},48.21439421406904
1780086210,2026-05-29T20:23:30,/accounts/{account_id},48.88135593220339
1780086225,2026-05-29T20:23:45,/accounts/{account_id},49.65423728813559
1780086240,2026-05-29T20:24:00,/accounts/{account_id},50.27457627118644
1780086255,2026-05-29T20:24:15,/accounts/{account_id},50.28813559322034
1780086270,2026-05-29T20:24:30,/accounts/{account_id},50.101694915254235
1780086285,2026-05-29T20:24:45,/accounts/{account_id},50.28474576271186
1780086300,2026-05-29T20:25:00,/accounts/{account_id},50.76610169491526
1780086315,2026-05-29T20:25:15,/accounts/{account_id},50.06440677966101
1780086330,2026-05-29T20:25:30,/accounts/{account_id},50.07118644067796
1780086345,2026-05-29T20:25:45,/accounts/{account_id},49.63389830508474
1780086360,2026-05-29T20:26:00,/accounts/{account_id},49.377607434792935
1780086375,2026-05-29T20:26:15,/accounts/{account_id},48.0271186440678
1780086390,2026-05-29T20:26:30,/accounts/{account_id},47.718649324973875
1780086405,2026-05-29T20:26:45,/accounts/{account_id},48.04328128778203
1780086420,2026-05-29T20:27:00,/accounts/{account_id},48.69886585179785
1780086435,2026-05-29T20:27:15,/accounts/{account_id},47.737457552946445
1780086450,2026-05-29T20:27:30,/accounts/{account_id},48.79322033898305
1780086465,2026-05-29T20:27:45,/accounts/{account_id},48.742372881355934
1780086480,2026-05-29T20:28:00,/accounts/{account_id},47.6715395312553
1780086495,2026-05-29T20:28:15,/accounts/{account_id},48.31525423728814
1780086510,2026-05-29T20:28:30,/accounts/{account_id},48.63389830508475
1780086525,2026-05-29T20:28:45,/accounts/{account_id},48.911864406779664
1780086540,2026-05-29T20:29:00,/accounts/{account_id},47.9728813559322
1780086555,2026-05-29T20:29:15,/accounts/{account_id},48.8
1780086570,2026-05-29T20:29:30,/accounts/{account_id},49.297970861214495
1780086585,2026-05-29T20:29:45,/accounts/{account_id},48.88135593220339
1780086600,2026-05-29T20:30:00,/accounts/{account_id},47.78097028745041
1780086615,2026-05-29T20:30:15,/accounts/{account_id},49.23050847457627
1780086630,2026-05-29T20:30:30,/accounts/{account_id},48.948798384747235
1780086645,2026-05-29T20:30:45,/accounts/{account_id},48.80338983050847
1780086660,2026-05-29T20:31:00,/accounts/{account_id},49.16271186440678
1780086675,2026-05-29T20:31:15,/accounts/{account_id},50.433898305084746
1780086690,2026-05-29T20:31:30,/accounts/{account_id},49.65159749503009
1780086705,2026-05-29T20:31:45,/accounts/{account_id},48.97354540400547
1780086720,2026-05-29T20:32:00,/accounts/{account_id},50.708474576271186
1780086735,2026-05-29T20:32:15,/accounts/{account_id},50.94237288135593
1780086750,2026-05-29T20:32:30,/accounts/{account_id},49.9864406779661
1780086765,2026-05-29T20:32:45,/accounts/{account_id},50.27457627118644
1780086780,2026-05-29T20:33:00,/accounts/{account_id},51.18339785354477
1780086795,2026-05-29T20:33:15,/accounts/{account_id},50.108474576271185
1780086810,2026-05-29T20:33:30,/accounts/{account_id},48.30038892750745
1780086825,2026-05-29T20:33:45,/accounts/{account_id},48.84406779661017
1780086840,2026-05-29T20:34:00,/accounts/{account_id},49.715254237288136
1780086855,2026-05-29T20:34:15,/accounts/{account_id},48.7457627118644
1780086870,2026-05-29T20:34:30,/accounts/{account_id},48.85423728813559
1780086885,2026-05-29T20:34:45,/accounts/{account_id},49.003389830508475
1780086900,2026-05-29T20:35:00,/accounts/{account_id},48.518099733528175
1780086915,2026-05-29T20:35:15,/accounts/{account_id},49.28135593220339
1780086930,2026-05-29T20:35:30,/accounts/{account_id},50.40677966101695
1780086945,2026-05-29T20:35:45,/accounts/{account_id},49.74576271186441
1780086960,2026-05-29T20:36:00,/accounts/{account_id},49.85423728813559
1780086975,2026-05-29T20:36:15,/accounts/{account_id},47.96153447807577
1780086990,2026-05-29T20:36:30,/accounts/{account_id},47.19539122030528
1780087005,2026-05-29T20:36:45,/accounts/{account_id},48.989830508474576
1780087020,2026-05-29T20:37:00,/accounts/{account_id},46.9592103584117
1780087035,2026-05-29T20:37:15,/accounts/{account_id},47.53354721340466
1780087050,2026-05-29T20:37:30,/accounts/{account_id},47.468118427921546
1780087065,2026-05-29T20:37:45,/accounts/{account_id},45.17692101754387
1780087080,2026-05-29T20:38:00,/accounts/{account_id},46.81694915254237
1780087095,2026-05-29T20:38:15,/accounts/{account_id},46.96610169491525
1780087110,2026-05-29T20:38:30,/accounts/{account_id},46.45648736519725
1780087125,2026-05-29T20:38:45,/accounts/{account_id},47.419903840623114
1780087140,2026-05-29T20:39:00,/accounts/{account_id},46.177151358440575
1780087155,2026-05-29T20:39:15,/accounts/{account_id},46.440677966101696
1780087170,2026-05-29T20:39:30,/accounts/{account_id},45.938983050847455
1780087185,2026-05-29T20:39:45,/accounts/{account_id},46.24406779661017
1780087200,2026-05-29T20:40:00,/accounts/{account_id},45.9728813559322
1780087215,2026-05-29T20:40:15,/accounts/{account_id},46.0344827586207
1780087230,2026-05-29T20:40:30,/accounts/{account_id},45.511864406779665
1780087245,2026-05-29T20:40:45,/accounts/{account_id},45.52881355932204
1780087260,2026-05-29T20:41:00,/accounts/{account_id},46.71186440677966
1780087275,2026-05-29T20:41:15,/accounts/{account_id},46.89408125050883
1780087290,2026-05-29T20:41:30,/accounts/{account_id},46.05780174516286
1780087305,2026-05-29T20:41:45,/accounts/{account_id},46.671186440677964
1780087320,2026-05-29T20:42:00,/accounts/{account_id},45.62160731683982
1780087335,2026-05-29T20:42:15,/accounts/{account_id},46.40443141806925
1780087350,2026-05-29T20:42:30,/accounts/{account_id},48.63389830508475
1780087365,2026-05-29T20:42:45,/accounts/{account_id},48.858023015959176
1780087380,2026-05-29T20:43:00,/accounts/{account_id},48.59661016949153
1780087395,2026-05-29T20:43:15,/accounts/{account_id},48.49152542372881
1780087410,2026-05-29T20:43:30,/accounts/{account_id},48.21145051634528
1780087425,2026-05-29T20:43:45,/accounts/{account_id},48.85291522432635
1780087440,2026-05-29T20:44:00,/accounts/{account_id},49.08187116460661
1780087455,2026-05-29T20:44:15,/accounts/{account_id},49.47796610169492
1780087470,2026-05-29T20:44:30,/accounts/{account_id},50.48813559322034
1780087485,2026-05-29T20:44:45,/accounts/{account_id},50.86440677966101
1780087500,2026-05-29T20:45:00,/accounts/{account_id},51.36949152542373
1780087515,2026-05-29T20:45:15,/accounts/{account_id},50.67631736039507
1780087530,2026-05-29T20:45:30,/accounts/{account_id},51.288483311751264
1780087545,2026-05-29T20:45:45,/accounts/{account_id},50.85762711864406
1780087560,2026-05-29T20:46:00,/accounts/{account_id},50.46101694915254
1780087575,2026-05-29T20:46:15,/accounts/{account_id},50.69152542372881
1780087590,2026-05-29T20:46:30,/accounts/{account_id},51.054237288135596
1780087605,2026-05-29T20:46:45,/accounts/{account_id},50.494915254237284
1780087620,2026-05-29T20:47:00,/accounts/{account_id},50.325423728813554
1780087635,2026-05-29T20:47:15,/accounts/{account_id},50.47118644067797
1780087650,2026-05-29T20:47:30,/accounts/{account_id},50.42033898305085
1780087665,2026-05-29T20:47:45,/accounts/{account_id},50.545762711864406
1780087680,2026-05-29T20:48:00,/accounts/{account_id},51.13220338983051
1780087695,2026-05-29T20:48:15,/accounts/{account_id},49.899615091528304
1780087710,2026-05-29T20:48:30,/accounts/{account_id},50.49152542372881
1780087725,2026-05-29T20:48:45,/accounts/{account_id},50.4
1780087740,2026-05-29T20:49:00,/accounts/{account_id},49.92203389830509
1780087755,2026-05-29T20:49:15,/accounts/{account_id},49.884745762711866
1780087770,2026-05-29T20:49:30,/accounts/{account_id},49.92881355932204
1780087785,2026-05-29T20:49:45,/accounts/{account_id},49.166101694915255
1780087800,2026-05-29T20:50:00,/accounts/{account_id},48.29830508474576
1780087815,2026-05-29T20:50:15,/accounts/{account_id},48.6542372881356
1780087830,2026-05-29T20:50:30,/accounts/{account_id},48.566101694915254
1780087845,2026-05-29T20:50:45,/accounts/{account_id},48.046682491303244
1780087860,2026-05-29T20:51:00,/accounts/{account_id},48.48474576271187
1780087875,2026-05-29T20:51:15,/accounts/{account_id},48.30734302492252
1780087890,2026-05-29T20:51:30,/accounts/{account_id},49.67619435120198
1780087905,2026-05-29T20:51:45,/accounts/{account_id},48.65707067218279
1780087920,2026-05-29T20:52:00,/accounts/{account_id},48.552542372881355
1780087935,2026-05-29T20:52:15,/accounts/{account_id},49.0271186440678
1780087950,2026-05-29T20:52:30,/accounts/{account_id},47.129697933633324
1780087965,2026-05-29T20:52:45,/accounts/{account_id},47.9593220338983
1780087980,2026-05-29T20:53:00,/accounts/{account_id},47.786116704293526
1780087995,2026-05-29T20:53:15,/accounts/{account_id},48.891677831860655
1780088010,2026-05-29T20:53:30,/accounts/{account_id},49.301360668741225
1780088025,2026-05-29T20:53:45,/accounts/{account_id},48.430508474576264
1780088040,2026-05-29T20:54:00,/accounts/{account_id},49.83050847457627
1780088055,2026-05-29T20:54:15,/accounts/{account_id},49.69830508474576
1780088070,2026-05-29T20:54:30,/accounts/{account_id},49.7227838798064
1780088085,2026-05-29T20:54:45,/accounts/{account_id},49.64745762711865
1780088100,2026-05-29T20:55:00,/accounts/{account_id},50.311864406779655
1780088115,2026-05-29T20:55:15,/accounts/{account_id},50.80338983050847
1780088130,2026-05-29T20:55:30,/accounts/{account_id},51.050847457627114
1780088145,2026-05-29T20:55:45,/accounts/{account_id},50.50508474576271
1780088160,2026-05-29T20:56:00,/accounts/{account_id},51.3864406779661
1780088175,2026-05-29T20:56:15,/accounts/{account_id},50.16610169491525
1780088190,2026-05-29T20:56:30,/accounts/{account_id},50.12881355932203
1780088205,2026-05-29T20:56:45,/accounts/{account_id},49.25013375369458
1780088220,2026-05-29T20:57:00,/accounts/{account_id},51.05084745762712
1780088235,2026-05-29T20:57:15,/accounts/{account_id},50.18994570052831
1780088250,2026-05-29T20:57:30,/accounts/{account_id},51.83728813559321
1780088265,2026-05-29T20:57:45,/accounts/{account_id},52.230508474576276
1780088280,2026-05-29T20:58:00,/accounts/{account_id},51.972115332502305
1780088295,2026-05-29T20:58:15,/accounts/{account_id},51.44406779661017
1780088310,2026-05-29T20:58:30,/accounts/{account_id},51.61519827892873
1780088325,2026-05-29T20:58:45,/accounts/{account_id},51.65318671484648
1780088340,2026-05-29T20:59:00,/accounts/{account_id},51.10508474576272
1780088355,2026-05-29T20:59:15,/accounts/{account_id},51.21016949152542
1780088370,2026-05-29T20:59:30,/accounts/{account_id},51.3593220338983
1780088385,2026-05-29T20:59:45,/accounts/{account_id},51.708474576271186
1780088400,2026-05-29T21:00:00,/accounts/{account_id},50.31708847962382
1780088415,2026-05-29T21:00:15,/accounts/{account_id},47.19214454638695
1780088430,2026-05-29T21:00:30,/accounts/{account_id},48.010169491525424
1780088445,2026-05-29T21:00:45,/accounts/{account_id},47.52887133328139
1780088460,2026-05-29T21:01:00,/accounts/{account_id},47.7864406779661
1780088475,2026-05-29T21:01:15,/accounts/{account_id},48.214116339886985
1780088490,2026-05-29T21:01:30,/accounts/{account_id},47.64745762711864
1780088505,2026-05-29T21:01:45,/accounts/{account_id},48.494098494098495
1780088520,2026-05-29T21:02:00,/accounts/{account_id},48.03389830508475
1780088535,2026-05-29T21:02:15,/accounts/{account_id},47.74576271186441
1780088550,2026-05-29T21:02:30,/accounts/{account_id},47.010169491525424
1780088565,2026-05-29T21:02:45,/accounts/{account_id},47.448275862068975
1780088580,2026-05-29T21:03:00,/accounts/{account_id},47.101694915254235
1780088595,2026-05-29T21:03:15,/accounts/{account_id},46.85084745762712
1780088610,2026-05-29T21:03:30,/accounts/{account_id},46.52881355932203
1780088625,2026-05-29T21:03:45,/accounts/{account_id},47.52542372881356
1780088640,2026-05-29T21:04:00,/accounts/{account_id},47.57578736487426
1780088655,2026-05-29T21:04:15,/accounts/{account_id},47.460534299651194
1780088670,2026-05-29T21:04:30,/accounts/{account_id},47.722033898305085
1780088685,2026-05-29T21:04:45,/accounts/{account_id},45.82372881355932
1780088700,2026-05-29T21:05:00,/accounts/{account_id},44.13542483660131
1780088715,2026-05-29T21:05:15,/accounts/{account_id},47.905532651295374
1780088730,2026-05-29T21:05:30,/accounts/{account_id},49.27457627118644
1780088745,2026-05-29T21:05:45,/accounts/{account_id},48.69491525423729
1780088760,2026-05-29T21:06:00,/accounts/{account_id},48.7791649576445
1780088775,2026-05-29T21:06:15,/accounts/{account_id},48.52203389830508
1780088790,2026-05-29T21:06:30,/accounts/{account_id},48.610169491525426
1780088805,2026-05-29T21:06:45,/accounts/{account_id},48.65423728813559
1780088820,2026-05-29T21:07:00,/accounts/{account_id},47.15061728395062
1780088835,2026-05-29T21:07:15,/accounts/{account_id},48.83050847457627
1780088850,2026-05-29T21:07:30,/accounts/{account_id},48.3492363503338
1780088865,2026-05-29T21:07:45,/accounts/{account_id},48.648264038300596
1780088880,2026-05-29T21:08:00,/accounts/{account_id},48.72881355932203
1780088895,2026-05-29T21:08:15,/accounts/{account_id},48.7593220338983
1780088910,2026-05-29T21:08:30,/accounts/{account_id},48.72203389830508
1780088925,2026-05-29T21:08:45,/accounts/{account_id},49.07457627118644
1780088940,2026-05-29T21:09:00,/accounts/{account_id},49.84406779661017
1780088955,2026-05-29T21:09:15,/accounts/{account_id},50.08135593220339
1780088970,2026-05-29T21:09:30,/accounts/{account_id},50.792875980501826
1780088985,2026-05-29T21:09:45,/accounts/{account_id},51.56949152542373
1780089000,2026-05-29T21:10:00,/accounts/{account_id},49.64868053084648
1780089015,2026-05-29T21:10:15,/accounts/{account_id},49.78827249232568
1780089030,2026-05-29T21:10:30,/accounts/{account_id},50.664406779661014
1780089045,2026-05-29T21:10:45,/accounts/{account_id},49.73609901117638
1780089060,2026-05-29T21:11:00,/accounts/{account_id},49.572892745612066
1780089075,2026-05-29T21:11:15,/accounts/{account_id},49.454237288135594
1780089090,2026-05-29T21:11:30,/accounts/{account_id},49.27457627118644
1780089105,2026-05-29T21:11:45,/accounts/{account_id},49.56271186440677
1780089120,2026-05-29T21:12:00,/accounts/{account_id},50.16485305690483
1780089135,2026-05-29T21:12:15,/accounts/{account_id},49.433898305084746
1780089150,2026-05-29T21:12:30,/accounts/{account_id},49.762711864406775
1780089165,2026-05-29T21:12:45,/accounts/{account_id},50.037288135593215
1780089180,2026-05-29T21:13:00,/accounts/{account_id},49.7418670318607
1780089195,2026-05-29T21:13:15,/accounts/{account_id},50.18440686691209
1780089210,2026-05-29T21:13:30,/accounts/{account_id},50.63389830508474
1780089225,2026-05-29T21:13:45,/accounts/{account_id},49.51525423728814
1780089240,2026-05-29T21:14:00,/accounts/{account_id},48.396610169491524
1780089255,2026-05-29T21:14:15,/accounts/{account_id},47.94292259535396
1780089270,2026-05-29T21:14:30,/accounts/{account_id},48.75932203389831
1780089285,2026-05-29T21:14:45,/accounts/{account_id},48.261056060123785
1780089300,2026-05-29T21:15:00,/accounts/{account_id},48.38926423917066
1780089315,2026-05-29T21:15:15,/accounts/{account_id},48.97920418968928
1780089330,2026-05-29T21:15:30,/accounts/{account_id},49.360567841530695
1780089345,2026-05-29T21:15:45,/accounts/{account_id},49.52881355932203
1780089360,2026-05-29T21:16:00,/accounts/{account_id},50.300267168186956
1780089375,2026-05-29T21:16:15,/accounts/{account_id},50.101694915254235
1780089390,2026-05-29T21:16:30,/accounts/{account_id},50.67457627118644
1780089405,2026-05-29T21:16:45,/accounts/{account_id},49.0924561385378
1780089420,2026-05-29T21:17:00,/accounts/{account_id},48.534677547757205
1780089435,2026-05-29T21:17:15,/accounts/{account_id},49.07118644067796
1780089450,2026-05-29T21:17:30,/accounts/{account_id},48.140559898888135
1780089465,2026-05-29T21:17:45,/accounts/{account_id},47.6272436354361
1780089480,2026-05-29T21:18:00,/accounts/{account_id},47.881100350382575
1780089495,2026-05-29T21:18:15,/accounts/{account_id},47.26065676494996
1780089510,2026-05-29T21:18:30,/accounts/{account_id},47.92859320483722
1780089525,2026-05-29T21:18:45,/accounts/{account_id},47.54137931034483
1780089540,2026-05-29T21:19:00,/accounts/{account_id},47.4
1780089555,2026-05-29T21:19:15,/accounts/{account_id},46.678474527292956
1780089570,2026-05-29T21:19:30,/accounts/{account_id},46.68813559322034
1780089585,2026-05-29T21:19:45,/accounts/{account_id},46.40708913322998
1780089600,2026-05-29T21:20:00,/accounts/{account_id},46.54550035248346
1780089615,2026-05-29T21:20:15,/accounts/{account_id},46.79731212659016
1780089630,2026-05-29T21:20:30,/accounts/{account_id},47.108474576271185
1780089645,2026-05-29T21:20:45,/accounts/{account_id},46.59048004724542
1780089660,2026-05-29T21:21:00,/accounts/{account_id},47.335593220338986
1780089675,2026-05-29T21:21:15,/accounts/{account_id},47.41694915254237
1780089690,2026-05-29T21:21:30,/accounts/{account_id},46.69885149044443
1780089705,2026-05-29T21:21:45,/accounts/{account_id},45.82111417085318
1780089720,2026-05-29T21:22:00,/accounts/{account_id},47.30187324763981
1780089735,2026-05-29T21:22:15,/accounts/{account_id},46.99322033898305
1780089750,2026-05-29T21:22:30,/accounts/{account_id},47.70508474576271
1780089765,2026-05-29T21:22:45,/accounts/{account_id},47.558311510332565
1780089780,2026-05-29T21:23:00,/accounts/{account_id},45.568027210884345
1780089795,2026-05-29T21:23:15,/accounts/{account_id},49.05497727804947
1780089810,2026-05-29T21:23:30,/accounts/{account_id},49.264406779661016
1780089825,2026-05-29T21:23:45,/accounts/{account_id},49.20674226671235
1780089840,2026-05-29T21:24:00,/accounts/{account_id},48.949152542372886
1780089855,2026-05-29T21:24:15,/accounts/{account_id},48.9593220338983
1780089870,2026-05-29T21:24:30,/accounts/{account_id},49.186440677966104
1780089885,2026-05-29T21:24:45,/accounts/{account_id},49.71864406779661
1780089900,2026-05-29T21:25:00,/accounts/{account_id},49.1903856387937
1780089915,2026-05-29T21:25:15,/accounts/{account_id},48.0601755717728
1780089930,2026-05-29T21:25:30,/accounts/{account_id},48.186891945469526
1780089945,2026-05-29T21:25:45,/accounts/{account_id},46.64417422659282
1780089960,2026-05-29T21:26:00,/accounts/{account_id},47.80677966101695
1780089975,2026-05-29T21:26:15,/accounts/{account_id},47.094595968840885
1780089990,2026-05-29T21:26:30,/accounts/{account_id},48.311961106499744
1780090005,2026-05-29T21:26:45,/accounts/{account_id},47.496153846153845
1780090020,2026-05-29T21:27:00,/accounts/{account_id},50.41768641441417
1780090035,2026-05-29T21:27:15,/accounts/{account_id},49.609926908450745
1780090050,2026-05-29T21:27:30,/accounts/{account_id},51.094915254237286
1780090065,2026-05-29T21:27:45,/accounts/{account_id},52.59661016949152
1780090080,2026-05-29T21:28:00,/accounts/{account_id},52.308517099686824
1780090095,2026-05-29T21:28:15,/accounts/{account_id},52.57535835274729
1780090110,2026-05-29T21:28:30,/accounts/{account_id},54.003389830508475
1780090125,2026-05-29T21:28:45,/accounts/{account_id},53.77966101694915
1780090140,2026-05-29T21:29:00,/accounts/{account_id},53.92160677230435
1780090155,2026-05-29T21:29:15,/accounts/{account_id},56.705084745762704
1780090170,2026-05-29T21:29:30,/accounts/{account_id},56.21694915254237
1780090185,2026-05-29T21:29:45,/accounts/{account_id},56.70131049958982
1780090200,2026-05-29T21:30:00,/accounts/{account_id},58.213559322033895
1780090215,2026-05-29T21:30:15,/accounts/{account_id},58.664406779661014
1780090230,2026-05-29T21:30:30,/accounts/{account_id},58.45442549570926
1780090245,2026-05-29T21:30:45,/accounts/{account_id},61.4135593220339
1780090260,2026-05-29T21:31:00,/accounts/{account_id},62.148195369403325
1780090275,2026-05-29T21:31:15,/accounts/{account_id},62.48474576271187
1780090290,2026-05-29T21:31:30,/accounts/{account_id},62.06101694915254
1780090305,2026-05-29T21:31:45,/accounts/{account_id},62.10602739911926
1780090320,2026-05-29T21:32:00,/accounts/{account_id},62.23389830508474
1780090335,2026-05-29T21:32:15,/accounts/{account_id},62.09835599082634
1780090350,2026-05-29T21:32:30,/accounts/{account_id},62.284745762711864
1780090365,2026-05-29T21:32:45,/accounts/{account_id},62.81016949152542
1780090380,2026-05-29T21:33:00,/accounts/{account_id},60.599156077800814
1780090395,2026-05-29T21:33:15,/accounts/{account_id},62.149152542372875
1780090410,2026-05-29T21:33:30,/accounts/{account_id},61.95835563716689
1780090425,2026-05-29T21:33:45,/accounts/{account_id},62.4135593220339
1780090440,2026-05-29T21:34:00,/accounts/{account_id},62.40226325233974
1780090455,2026-05-29T21:34:15,/accounts/{account_id},62.5593220338983
1780090470,2026-05-29T21:34:30,/accounts/{account_id},62.84638003224975
1780090485,2026-05-29T21:34:45,/accounts/{account_id},63.15664650776711
1780090500,2026-05-29T21:35:00,/accounts/{account_id},62.305084745762706
1780090515,2026-05-29T21:35:15,/accounts/{account_id},62.7417348298153
1780090530,2026-05-29T21:35:30,/accounts/{account_id},62.355932203389834
1780090545,2026-05-29T21:35:45,/accounts/{account_id},61.20677966101695
1780090560,2026-05-29T21:36:00,/accounts/{account_id},60.430508474576264
1780090575,2026-05-29T21:36:15,/accounts/{account_id},60.1261576397642
1780090590,2026-05-29T21:36:30,/accounts/{account_id},60.30847457627119
1780090605,2026-05-29T21:36:45,/accounts/{account_id},59.918644067796606
1780090620,2026-05-29T21:37:00,/accounts/{account_id},60.39999999999999
1780090635,2026-05-29T21:37:15,/accounts/{account_id},59.42198491397578
1780090650,2026-05-29T21:37:30,/accounts/{account_id},59.50847457627118
1780090665,2026-05-29T21:37:45,/accounts/{account_id},60.4135593220339
1780090680,2026-05-29T21:38:00,/accounts/{account_id},60.369491525423726
1780090695,2026-05-29T21:38:15,/accounts/{account_id},57.852617886254976
1780090710,2026-05-29T21:38:30,/accounts/{account_id},61.03050847457627
1780090725,2026-05-29T21:38:45,/accounts/{account_id},59.342372881355935
1780090740,2026-05-29T21:39:00,/accounts/{account_id},57.928505924764885
1780090755,2026-05-29T21:39:15,/accounts/{account_id},59.83728813559322
1780090770,2026-05-29T21:39:30,/accounts/{account_id},59.33968279810602
1780090785,2026-05-29T21:39:45,/accounts/{account_id},58.49565173167879
1780090800,2026-05-29T21:40:00,/accounts/{account_id},59.454237288135594
1780090815,2026-05-29T21:40:15,/accounts/{account_id},58.75571349129922
1780090830,2026-05-29T21:40:30,/accounts/{account_id},58.908211447656335
1780090845,2026-05-29T21:40:45,/accounts/{account_id},60.45423728813559
1780090860,2026-05-29T21:41:00,/accounts/{account_id},60.29491525423729
1780090875,2026-05-29T21:41:15,/accounts/{account_id},60.33220338983051
1780090890,2026-05-29T21:41:30,/accounts/{account_id},60.63728813559322
1780090905,2026-05-29T21:41:45,/accounts/{account_id},59.321869235904835
1780090920,2026-05-29T21:42:00,/accounts/{account_id},60.52203389830508
1780090935,2026-05-29T21:42:15,/accounts/{account_id},61.52881355932203
1780090950,2026-05-29T21:42:30,/accounts/{account_id},60.20001171264367
1780090965,2026-05-29T21:42:45,/accounts/{account_id},58.86056307641406
1780090980,2026-05-29T21:43:00,/accounts/{account_id},60.13898305084746
1780090995,2026-05-29T21:43:15,/accounts/{account_id},58.925423728813556
1780091010,2026-05-29T21:43:30,/accounts/{account_id},59.49870846582011
1780091025,2026-05-29T21:43:45,/accounts/{account_id},60.433898305084746
1780091040,2026-05-29T21:44:00,/accounts/{account_id},59.63593690115623
1780091055,2026-05-29T21:44:15,/accounts/{account_id},59.928483061331704
1780091070,2026-05-29T21:44:30,/accounts/{account_id},61.24745762711864
1780091085,2026-05-29T21:44:45,/accounts/{account_id},60.512274659489215
1780091100,2026-05-29T21:45:00,/accounts/{account_id},61.00338983050847
1780091115,2026-05-29T21:45:15,/accounts/{account_id},61.49090009254144
1780091130,2026-05-29T21:45:30,/accounts/{account_id},58.865606039695884
1780091145,2026-05-29T21:45:45,/accounts/{account_id},60.488135593220335
1780091160,2026-05-29T21:46:00,/accounts/{account_id},61.277966101694915
1780091175,2026-05-29T21:46:15,/accounts/{account_id},60.918644067796606
1780091190,2026-05-29T21:46:30,/accounts/{account_id},61.44406779661017
1780091205,2026-05-29T21:46:45,/accounts/{account_id},62.87500254239011
1780091220,2026-05-29T21:47:00,/accounts/{account_id},62.762711864406775
1780091235,2026-05-29T21:47:15,/accounts/{account_id},63.369491525423726
1780091250,2026-05-29T21:47:30,/accounts/{account_id},63.83996109663669
1780091265,2026-05-29T21:47:45,/accounts/{account_id},65.29569783059954
1780091280,2026-05-29T21:48:00,/accounts/{account_id},64.73898305084745
1780091295,2026-05-29T21:48:15,/accounts/{account_id},65.56515310292436
1780091310,2026-05-29T21:48:30,/accounts/{account_id},65.54455579723403
1780091325,2026-05-29T21:48:45,/accounts/{account_id},65.4949152542373
1780091340,2026-05-29T21:49:00,/accounts/{account_id},66.00338983050848
1780091355,2026-05-29T21:49:15,/accounts/{account_id},65.52881355932203
1780091370,2026-05-29T21:49:30,/accounts/{account_id},65.73559322033898
1780091385,2026-05-29T21:49:45,/accounts/{account_id},65.44406779661016
1780091400,2026-05-29T21:50:00,/accounts/{account_id},65.93559322033897
1780091415,2026-05-29T21:50:15,/accounts/{account_id},65.51186440677965
1780091430,2026-05-29T21:50:30,/accounts/{account_id},67.17778109034731
1780091445,2026-05-29T21:50:45,/accounts/{account_id},65.41694915254237
1780091460,2026-05-29T21:51:00,/accounts/{account_id},64.81694915254236
1780091475,2026-05-29T21:51:15,/accounts/{account_id},65.06845832330497
1780091490,2026-05-29T21:51:30,/accounts/{account_id},65.13559322033898
1780091505,2026-05-29T21:51:45,/accounts/{account_id},63.94237288135593
1780091520,2026-05-29T21:52:00,/accounts/{account_id},64.22372881355932
1780091535,2026-05-29T21:52:15,/accounts/{account_id},63.71525423728813
1780091550,2026-05-29T21:52:30,/accounts/{account_id},63.65423728813559
1780091565,2026-05-29T21:52:45,/accounts/{account_id},64.04745762711865
1780091580,2026-05-29T21:53:00,/accounts/{account_id},63.66101694915255
1780091595,2026-05-29T21:53:15,/accounts/{account_id},63.16271186440678
1780091610,2026-05-29T21:53:30,/accounts/{account_id},62.779661016949156
1780091625,2026-05-29T21:53:45,/accounts/{account_id},61.792255851947424
1780091640,2026-05-29T21:54:00,/accounts/{account_id},62.98305084745762
1780091655,2026-05-29T21:54:15,/accounts/{account_id},62.037288135593215
1780091670,2026-05-29T21:54:30,/accounts/{account_id},61.6542372881356
1780091685,2026-05-29T21:54:45,/accounts/{account_id},61.80677966101695
1780091700,2026-05-29T21:55:00,/accounts/{account_id},61.18983050847458
1780091715,2026-05-29T21:55:15,/accounts/{account_id},60.840677966101694
1780091730,2026-05-29T21:55:30,/accounts/{account_id},60.40409519289444
1780091745,2026-05-29T21:55:45,/accounts/{account_id},59.70508474576271
1780091760,2026-05-29T21:56:00,/accounts/{account_id},59.20338983050848
1780091775,2026-05-29T21:56:15,/accounts/{account_id},57.9654234030727
1780091790,2026-05-29T21:56:30,/accounts/{account_id},58.52203389830508
1780091805,2026-05-29T21:56:45,/accounts/{account_id},58.96271186440678
1780091820,2026-05-29T21:57:00,/accounts/{account_id},58.24745762711864
1780091835,2026-05-29T21:57:15,/accounts/{account_id},56.77249645765113
1780091850,2026-05-29T21:57:30,/accounts/{account_id},56.257627118644066
1780091865,2026-05-29T21:57:45,/accounts/{account_id},55.505084745762716
1780091880,2026-05-29T21:58:00,/accounts/{account_id},55.389830508474574
1780091895,2026-05-29T21:58:15,/accounts/{account_id},54.498305084745766
1780091910,2026-05-29T21:58:30,/accounts/{account_id},53.623728813559325
1780091925,2026-05-29T21:58:45,/accounts/{account_id},51.522380706736456
1780091940,2026-05-29T21:59:00,/accounts/{account_id},52.32542372881356
1780091955,2026-05-29T21:59:15,/accounts/{account_id},51.00677966101695
1780091970,2026-05-29T21:59:30,/accounts/{account_id},50.26779661016949
1780091985,2026-05-29T21:59:45,/accounts/{account_id},49.08135593220339
1780092000,2026-05-29T22:00:00,/accounts/{account_id},48.440677966101696
1780092015,2026-05-29T22:00:15,/accounts/{account_id},47.538983050847456
1780092030,2026-05-29T22:00:30,/accounts/{account_id},46.71864406779661
1780092045,2026-05-29T22:00:45,/accounts/{account_id},46.769491525423724
1780092060,2026-05-29T22:01:00,/accounts/{account_id},45.50508474576271
1780092075,2026-05-29T22:01:15,/accounts/{account_id},44.65423728813559
1780092090,2026-05-29T22:01:30,/accounts/{account_id},43.39322033898305
1780092105,2026-05-29T22:01:45,/accounts/{account_id},42.66779661016949
1780092120,2026-05-29T22:02:00,/accounts/{account_id},41.85762711864407
1780092135,2026-05-29T22:02:15,/accounts/{account_id},40.891525423728815
1780092150,2026-05-29T22:02:30,/accounts/{account_id},40.40677966101695
1780092165,2026-05-29T22:02:45,/accounts/{account_id},39.616949152542375
1780092180,2026-05-29T22:03:00,/accounts/{account_id},38.94237288135593
1780092195,2026-05-29T22:03:15,/accounts/{account_id},38.69491525423729
1780092210,2026-05-29T22:03:30,/accounts/{account_id},38.27457627118644
1780092225,2026-05-29T22:03:45,/accounts/{account_id},37.722033898305085
1780092240,2026-05-29T22:04:00,/accounts/{account_id},37.29830508474576
1780092255,2026-05-29T22:04:15,/accounts/{account_id},37.62033898305085
1780092270,2026-05-29T22:04:30,/accounts/{account_id},37.24745762711864
1780092285,2026-05-29T22:04:45,/accounts/{account_id},37.24406779661017
1780092300,2026-05-29T22:05:00,/accounts/{account_id},36.6135593220339
1780092315,2026-05-29T22:05:15,/accounts/{account_id},36.257627118644066
1780092330,2026-05-29T22:05:30,/accounts/{account_id},36.447457627118645
1780092345,2026-05-29T22:05:45,/accounts/{account_id},36.36610169491525
1780092360,2026-05-29T22:06:00,/accounts/{account_id},36.26779661016949
1780092375,2026-05-29T22:06:15,/accounts/{account_id},36.02033898305085
1780092390,2026-05-29T22:06:30,/accounts/{account_id},35.83728813559322
1780092405,2026-05-29T22:06:45,/accounts/{account_id},35.52881355932203
1780092420,2026-05-29T22:07:00,/accounts/{account_id},35.603389830508476
1780092435,2026-05-29T22:07:15,/accounts/{account_id},35.90169491525424
1780092450,2026-05-29T22:07:30,/accounts/{account_id},35.55593220338983
1780092465,2026-05-29T22:07:45,/accounts/{account_id},35.769491525423724
1780092480,2026-05-29T22:08:00,/accounts/{account_id},35.69830508474576
1780092495,2026-05-29T22:08:15,/accounts/{account_id},35.820338983050846
1780092510,2026-05-29T22:08:30,/accounts/{account_id},35.88135593220339
1780092525,2026-05-29T22:08:45,/accounts/{account_id},35.83728813559322
1780092540,2026-05-29T22:09:00,/accounts/{account_id},35.94237288135593
1780092555,2026-05-29T22:09:15,/accounts/{account_id},36.06779661016949
1780092570,2026-05-29T22:09:30,/accounts/{account_id},36.047457627118646
1780092585,2026-05-29T22:09:45,/accounts/{account_id},35.271186440677965
1780092600,2026-05-29T22:10:00,/accounts/{account_id},35.75254237288136
1780092615,2026-05-29T22:10:15,/accounts/{account_id},35.32203389830509
1780092630,2026-05-29T22:10:30,/accounts/{account_id},35.45084745762712
1780092645,2026-05-29T22:10:45,/accounts/{account_id},35.010169491525424
1780092660,2026-05-29T22:11:00,/accounts/{account_id},35.24406779661017
1780092675,2026-05-29T22:11:15,/accounts/{account_id},35.30847457627119
1780092690,2026-05-29T22:11:30,/accounts/{account_id},35.33220338983051
1780092705,2026-05-29T22:11:45,/accounts/{account_id},35.501694915254234
1780092720,2026-05-29T22:12:00,/accounts/{account_id},35.3864406779661
1780092735,2026-05-29T22:12:15,/accounts/{account_id},34.877966101694916
1780092750,2026-05-29T22:12:30,/accounts/{account_id},35.14237288135593
1780092765,2026-05-29T22:12:45,/accounts/{account_id},35.010169491525424
1780092780,2026-05-29T22:13:00,/accounts/{account_id},34.78305084745762
1780092795,2026-05-29T22:13:15,/accounts/{account_id},34.96949152542373
1780092810,2026-05-29T22:13:30,/accounts/{account_id},34.82372881355932
1780092825,2026-05-29T22:13:45,/accounts/{account_id},34.840677966101694
1780092840,2026-05-29T22:14:00,/accounts/{account_id},35.047457627118646
1780092855,2026-05-29T22:14:15,/accounts/{account_id},34.93255863618951
1780092870,2026-05-29T22:14:30,/accounts/{account_id},35.1862021274432
1780092885,2026-05-29T22:14:45,/accounts/{account_id},34.75593220338983
1780092900,2026-05-29T22:15:00,/accounts/{account_id},34.389830508474574
1780092915,2026-05-29T22:15:15,/accounts/{account_id},34.57966101694915
1780092930,2026-05-29T22:15:30,/accounts/{account_id},34.92203389830508
1780092945,2026-05-29T22:15:45,/accounts/{account_id},34.99322033898305
1780092960,2026-05-29T22:16:00,/accounts/{account_id},35.06440677966101
1780092975,2026-05-29T22:16:15,/accounts/{account_id},35.0406779661017
1780092990,2026-05-29T22:16:30,/accounts/{account_id},34.90847457627118
1780093005,2026-05-29T22:16:45,/accounts/{account_id},35.00677966101695
1780093020,2026-05-29T22:17:00,/accounts/{account_id},35.06779661016949
1780093035,2026-05-29T22:17:15,/accounts/{account_id},35.18305084745763
1780093050,2026-05-29T22:17:30,/accounts/{account_id},34.58305084745763
1780093065,2026-05-29T22:17:45,/accounts/{account_id},34.742372881355934
1780093080,2026-05-29T22:18:00,/accounts/{account_id},34.97627118644068
1780093095,2026-05-29T22:18:15,/accounts/{account_id},34.86440677966102
1780093110,2026-05-29T22:18:30,/accounts/{account_id},34.92203389830508
1780093125,2026-05-29T22:18:45,/accounts/{account_id},34.82010291455651
1780093140,2026-05-29T22:19:00,/accounts/{account_id},34.96949152542373
1780093155,2026-05-29T22:19:15,/accounts/{account_id},35.17627118644068
1780093170,2026-05-29T22:19:30,/accounts/{account_id},35.220338983050844
1780093185,2026-05-29T22:19:45,/accounts/{account_id},35.34915254237288
1780093200,2026-05-29T22:20:00,/accounts/{account_id},35.047457627118646
1780093215,2026-05-29T22:20:15,/accounts/{account_id},34.9864406779661
1780093230,2026-05-29T22:20:30,/accounts/{account_id},34.85423728813559
1780093245,2026-05-29T22:20:45,/accounts/{account_id},34.891525423728815
1780093260,2026-05-29T22:21:00,/accounts/{account_id},35.36610169491525
1780093275,2026-05-29T22:21:15,/accounts/{account_id},35.53559322033898
1780093290,2026-05-29T22:21:30,/accounts/{account_id},35.64745762711864
1780093305,2026-05-29T22:21:45,/accounts/{account_id},35.610169491525426
1780093320,2026-05-29T22:22:00,/accounts/{account_id},36.166101694915255
1780093335,2026-05-29T22:22:15,/accounts/{account_id},36.26779661016949
1780093350,2026-05-29T22:22:30,/accounts/{account_id},36.47796610169492
1780093365,2026-05-29T22:22:45,/accounts/{account_id},36.92881355932203
1780093380,2026-05-29T22:23:00,/accounts/{account_id},37.0406779661017
1780093395,2026-05-29T22:23:15,/accounts/{account_id},37.29491525423729
1780093410,2026-05-29T22:23:30,/accounts/{account_id},37.31186440677966
1780093425,2026-05-29T22:23:45,/accounts/{account_id},37.47796610169492
1780093440,2026-05-29T22:24:00,/accounts/{account_id},37.36610169491525
1780093455,2026-05-29T22:24:15,/accounts/{account_id},36.77966101694915
1780093470,2026-05-29T22:24:30,/accounts/{account_id},36.94915254237288
1780093485,2026-05-29T22:24:45,/accounts/{account_id},36.952542372881354
1780093500,2026-05-29T22:25:00,/accounts/{account_id},36.83728813559322
1780093515,2026-05-29T22:25:15,/accounts/{account_id},36.74915254237288
1780093530,2026-05-29T22:25:30,/accounts/{account_id},36.159322033898306
1780093545,2026-05-29T22:25:45,/accounts/{account_id},35.75932203389831
1780093560,2026-05-29T22:26:00,/accounts/{account_id},35.46779661016949
1780093575,2026-05-29T22:26:15,/accounts/{account_id},34.95593220338983
1780093590,2026-05-29T22:26:30,/accounts/{account_id},34.610169491525426
1780093605,2026-05-29T22:26:45,/accounts/{account_id},34.376271186440675
1780093620,2026-05-29T22:27:00,/accounts/{account_id},33.905084745762714
1780093635,2026-05-29T22:27:15,/accounts/{account_id},33.64745762711864
1780093650,2026-05-29T22:27:30,/accounts/{account_id},33.335593220338986
1780093665,2026-05-29T22:27:45,/accounts/{account_id},32.7864406779661
1780093680,2026-05-29T22:28:00,/accounts/{account_id},32.3728813559322
1780093695,2026-05-29T22:28:15,/accounts/{account_id},32.3457627118644
1780093710,2026-05-29T22:28:30,/accounts/{account_id},32.776271186440674
1780093725,2026-05-29T22:28:45,/accounts/{account_id},33.65423728813559
1780093740,2026-05-29T22:29:00,/accounts/{account_id},34.122033898305084
1780093755,2026-05-29T22:29:15,/accounts/{account_id},33.6
1780093770,2026-05-29T22:29:30,/accounts/{account_id},34.13898305084746
1780093785,2026-05-29T22:29:45,/accounts/{account_id},34.32203389830509
1780093800,2026-05-29T22:30:00,/accounts/{account_id},34.23050847457627
1780093815,2026-05-29T22:30:15,/accounts/{account_id},34.36610169491525
1780093830,2026-05-29T22:30:30,/accounts/{account_id},34.94552579304547
1780093845,2026-05-29T22:30:45,/accounts/{account_id},35.13220338983051
1780093860,2026-05-29T22:31:00,/accounts/{account_id},35.095153187479234
1780093875,2026-05-29T22:31:15,/accounts/{account_id},35.538983050847456
1780093890,2026-05-29T22:31:30,/accounts/{account_id},35.5864406779661
1780093905,2026-05-29T22:31:45,/accounts/{account_id},35.30847457627119
1780093920,2026-05-29T22:32:00,/accounts/{account_id},35.5728813559322
1780093935,2026-05-29T22:32:15,/accounts/{account_id},35.945762711864404
1780093950,2026-05-29T22:32:30,/accounts/{account_id},35.73220338983051
1780093965,2026-05-29T22:32:45,/accounts/{account_id},36.12881355932203
1780093980,2026-05-29T22:33:00,/accounts/{account_id},35.87118644067797
1780093995,2026-05-29T22:33:15,/accounts/{account_id},36.07796610169491
1780094010,2026-05-29T22:33:30,/accounts/{account_id},35.77966101694915
1780094025,2026-05-29T22:33:45,/accounts/{account_id},34.94915254237288
1780094040,2026-05-29T22:34:00,/accounts/{account_id},34.454237288135594
1780094055,2026-05-29T22:34:15,/accounts/{account_id},34.64067796610169
1780094070,2026-05-29T22:34:30,/accounts/{account_id},34.898305084745765
1780094085,2026-05-29T22:34:45,/accounts/{account_id},34.71864406779661
1780094100,2026-05-29T22:35:00,/accounts/{account_id},35.047457627118646
1780094115,2026-05-29T22:35:15,/accounts/{account_id},35.461016949152544
1780094130,2026-05-29T22:35:30,/accounts/{account_id},35.335593220338986
1780094145,2026-05-29T22:35:45,/accounts/{account_id},35.264406779661016
1780094160,2026-05-29T22:36:00,/accounts/{account_id},35.6135593220339
1780094175,2026-05-29T22:36:15,/accounts/{account_id},35.057627118644064
1780094190,2026-05-29T22:36:30,/accounts/{account_id},35.4271186440678
1780094205,2026-05-29T22:36:45,/accounts/{account_id},36.179661016949154
1780094220,2026-05-29T22:37:00,/accounts/{account_id},36.52881355932203
1780094235,2026-05-29T22:37:15,/accounts/{account_id},36.45762711864407
1780094250,2026-05-29T22:37:30,/accounts/{account_id},36.35254237288135
1780094265,2026-05-29T22:37:45,/accounts/{account_id},36.454237288135594
1780094280,2026-05-29T22:38:00,/accounts/{account_id},36.47118644067797
1780094295,2026-05-29T22:38:15,/accounts/{account_id},35.96949152542373
1780094310,2026-05-29T22:38:30,/accounts/{account_id},36.206779661016945
1780094325,2026-05-29T22:38:45,/accounts/{account_id},35.84406779661017
1780094340,2026-05-29T22:39:00,/accounts/{account_id},36.213559322033895
1780094355,2026-05-29T22:39:15,/accounts/{account_id},35.891525423728815
1780094370,2026-05-29T22:39:30,/accounts/{account_id},36.83728813559322
1780094385,2026-05-29T22:39:45,/accounts/{account_id},36.45762711864407
1780094400,2026-05-29T22:40:00,/accounts/{account_id},36.25084745762712
1780094415,2026-05-29T22:40:15,/accounts/{account_id},36.22372881355932
1780094430,2026-05-29T22:40:30,/accounts/{account_id},36.362711864406776
1780094445,2026-05-29T22:40:45,/accounts/{account_id},36.25084745762712
1780094460,2026-05-29T22:41:00,/accounts/{account_id},36.206779661016945
1780094475,2026-05-29T22:41:15,/accounts/{account_id},36.82372881355932
1780094490,2026-05-29T22:41:30,/accounts/{account_id},35.820338983050846
1780094505,2026-05-29T22:41:45,/accounts/{account_id},36.166101694915255
1780094520,2026-05-29T22:42:00,/accounts/{account_id},36.58983050847458
1780094535,2026-05-29T22:42:15,/accounts/{account_id},37.03389830508475
1780094550,2026-05-29T22:42:30,/accounts/{account_id},36.813559322033896
1780094565,2026-05-29T22:42:45,/accounts/{account_id},36.945762711864404
1780094580,2026-05-29T22:43:00,/accounts/{account_id},36.664406779661014
1780094595,2026-05-29T22:43:15,/accounts/{account_id},36.75254237288136
1780094610,2026-05-29T22:43:30,/accounts/{account_id},36.49152542372881
1780094625,2026-05-29T22:43:45,/accounts/{account_id},36.833898305084745
1780094640,2026-05-29T22:44:00,/accounts/{account_id},36.96271186440678
1780094655,2026-05-29T22:44:15,/accounts/{account_id},36.603389830508476
1780094670,2026-05-29T22:44:30,/accounts/{account_id},36.33220338983051
1780094685,2026-05-29T22:44:45,/accounts/{account_id},36.23389830508474
1780094700,2026-05-29T22:45:00,/accounts/{account_id},36.23389830508474
1780094715,2026-05-29T22:45:15,/accounts/{account_id},35.93559322033898
1780094730,2026-05-29T22:45:30,/accounts/{account_id},35.82372881355932
1780094745,2026-05-29T22:45:45,/accounts/{account_id},35.488135593220335
1780094760,2026-05-29T22:46:00,/accounts/{account_id},35.86779661016949
1780094775,2026-05-29T22:46:15,/accounts/{account_id},35.96271186440678
1780094790,2026-05-29T22:46:30,/accounts/{account_id},36.15593220338983
1780094805,2026-05-29T22:46:45,/accounts/{account_id},36.193220338983046
1780094820,2026-05-29T22:47:00,/accounts/{account_id},35.4
1780094835,2026-05-29T22:47:15,/accounts/{account_id},35.362711864406776
1780094850,2026-05-29T22:47:30,/accounts/{account_id},35.47457627118644
1780094865,2026-05-29T22:47:45,/accounts/{account_id},35.44406779661017
1780094880,2026-05-29T22:48:00,/accounts/{account_id},35.4135593220339
1780094895,2026-05-29T22:48:15,/accounts/{account_id},34.77966101694915
1780094910,2026-05-29T22:48:30,/accounts/{account_id},35.03728813559322
1780094925,2026-05-29T22:48:45,/accounts/{account_id},35.03389830508475
1780094940,2026-05-29T22:49:00,/accounts/{account_id},35.28135593220339
1780094955,2026-05-29T22:49:15,/accounts/{account_id},35.62033898305085
1780094970,2026-05-29T22:49:30,/accounts/{account_id},35.75229998440688
1780094985,2026-05-29T22:49:45,/accounts/{account_id},36.186440677966104
1780095000,2026-05-29T22:50:00,/accounts/{account_id},36.66101694915254
1780095015,2026-05-29T22:50:15,/accounts/{account_id},37.02372881355932
1780095030,2026-05-29T22:50:30,/accounts/{account_id},36.67457627118644
1780095045,2026-05-29T22:50:45,/accounts/{account_id},37.06101694915254
1780095060,2026-05-29T22:51:00,/accounts/{account_id},37.15593220338983
1780095075,2026-05-29T22:51:15,/accounts/{account_id},37.050847457627114
1780095090,2026-05-29T22:51:30,/accounts/{account_id},36.86440677966102
1780095105,2026-05-29T22:51:45,/accounts/{account_id},36.85084745762712
1780095120,2026-05-29T22:52:00,/accounts/{account_id},36.94237288135593
1780095135,2026-05-29T22:52:15,/accounts/{account_id},36.74576271186441
1780095150,2026-05-29T22:52:30,/accounts/{account_id},37.050847457627114
1780095165,2026-05-29T22:52:45,/accounts/{account_id},36.891525423728815
1780095180,2026-05-29T22:53:00,/accounts/{account_id},37.179661016949154
1780095195,2026-05-29T22:53:15,/accounts/{account_id},37.30508474576271
1780095210,2026-05-29T22:53:30,/accounts/{account_id},37.8
1780095225,2026-05-29T22:53:45,/accounts/{account_id},37.433898305084746
1780095240,2026-05-29T22:54:00,/accounts/{account_id},37.42033898305085
1780095255,2026-05-29T22:54:15,/accounts/{account_id},37.14915254237288
1780095270,2026-05-29T22:54:30,/accounts/{account_id},37.24067796610169
1780095285,2026-05-29T22:54:45,/accounts/{account_id},36.75254237288136
1780095300,2026-05-29T22:55:00,/accounts/{account_id},36.603389830508476
1780095315,2026-05-29T22:55:15,/accounts/{account_id},36.488135593220335
1780095330,2026-05-29T22:55:30,/accounts/{account_id},36.41016949152542
1780095345,2026-05-29T22:55:45,/accounts/{account_id},35.47457627118644
1780095360,2026-05-29T22:56:00,/accounts/{account_id},35.66101694915254
1780095375,2026-05-29T22:56:15,/accounts/{account_id},35.68474576271186
1780095390,2026-05-29T22:56:30,/accounts/{account_id},35.86101694915254
1780095405,2026-05-29T22:56:45,/accounts/{account_id},36.02372881355932
1780095420,2026-05-29T22:57:00,/accounts/{account_id},35.56949152542373
1780095435,2026-05-29T22:57:15,/accounts/{account_id},35.76271186440678
1780095450,2026-05-29T22:57:30,/accounts/{account_id},35.603389830508476
1780095465,2026-05-29T22:57:45,/accounts/{account_id},36.21016949152542
1780095480,2026-05-29T22:58:00,/accounts/{account_id},35.85762711864407
1780095495,2026-05-29T22:58:15,/accounts/{account_id},35.95593220338983
1780095510,2026-05-29T22:58:30,/accounts/{account_id},36.11186440677966
1780095525,2026-05-29T22:58:45,/accounts/{account_id},36.010169491525424
1780095540,2026-05-29T22:59:00,/accounts/{account_id},36.02033898305085
1780095555,2026-05-29T22:59:15,/accounts/{account_id},35.83050847457627
1780095570,2026-05-29T22:59:30,/accounts/{account_id},35.70508474576271
1780095585,2026-05-29T22:59:45,/accounts/{account_id},35.53559322033898
1780095600,2026-05-29T23:00:00,/accounts/{account_id},35.66779661016949
1780095615,2026-05-29T23:00:15,/accounts/{account_id},35.186440677966104
1780095630,2026-05-29T23:00:30,/accounts/{account_id},35.33898305084745
1780095645,2026-05-29T23:00:45,/accounts/{account_id},35.68135593220339
1780095660,2026-05-29T23:01:00,/accounts/{account_id},36.047457627118646
1780095675,2026-05-29T23:01:15,/accounts/{account_id},36.82372881355932
1780095690,2026-05-29T23:01:30,/accounts/{account_id},36.69830508474576
1780095705,2026-05-29T23:01:45,/accounts/{account_id},36.989830508474576
1780095720,2026-05-29T23:02:00,/accounts/{account_id},36.64745762711864
1780095735,2026-05-29T23:02:15,/accounts/{account_id},36.328813559322036
1780095750,2026-05-29T23:02:30,/accounts/{account_id},35.5663428226632
1780095765,2026-05-29T23:02:45,/accounts/{account_id},36.02372881355932
1780095780,2026-05-29T23:03:00,/accounts/{account_id},36.03389830508475
1780095795,2026-05-29T23:03:15,/accounts/{account_id},35.932203389830505
1780095810,2026-05-29T23:03:30,/accounts/{account_id},36.057627118644064
1780095825,2026-05-29T23:03:45,/accounts/{account_id},36.51525423728813
1780095840,2026-05-29T23:04:00,/accounts/{account_id},36.52542372881356
1780095855,2026-05-29T23:04:15,/accounts/{account_id},36.650847457627115
1780095870,2026-05-29T23:04:30,/accounts/{account_id},36.644067796610166
1780095885,2026-05-29T23:04:45,/accounts/{account_id},36.376271186440675
1780095900,2026-05-29T23:05:00,/accounts/{account_id},36.33220338983051
1780095915,2026-05-29T23:05:15,/accounts/{account_id},37.152542372881356
1780095930,2026-05-29T23:05:30,/accounts/{account_id},37.29830508474576
1780095945,2026-05-29T23:05:45,/accounts/{account_id},37.057627118644064
1780095960,2026-05-29T23:06:00,/accounts/{account_id},36.00677966101695
1780095975,2026-05-29T23:06:15,/accounts/{account_id},35.40677966101695
1780095990,2026-05-29T23:06:30,/accounts/{account_id},35.75932203389831
1780096005,2026-05-29T23:06:45,/accounts/{account_id},35.847457627118644
1780096020,2026-05-29T23:07:00,/accounts/{account_id},36.12542372881356
1780096035,2026-05-29T23:07:15,/accounts/{account_id},36.010169491525424
1780096050,2026-05-29T23:07:30,/accounts/{account_id},36.454237288135594
1780096065,2026-05-29T23:07:45,/accounts/{account_id},36.376271186440675
1780096080,2026-05-29T23:08:00,/accounts/{account_id},36.016949152542374
1780096095,2026-05-29T23:08:15,/accounts/{account_id},35.90169491525424
1780096110,2026-05-29T23:08:30,/accounts/{account_id},35.4135593220339
1780096125,2026-05-29T23:08:45,/accounts/{account_id},35.63050847457627
1780096140,2026-05-29T23:09:00,/accounts/{account_id},35.51864406779661
1780096155,2026-05-29T23:09:15,/accounts/{account_id},35.11864406779661
1780096170,2026-05-29T23:09:30,/accounts/{account_id},35.07457627118644
1780096185,2026-05-29T23:09:45,/accounts/{account_id},34.94237288135593
1780096200,2026-05-29T23:10:00,/accounts/{account_id},34.68813559322034
1780096215,2026-05-29T23:10:15,/accounts/{account_id},34.73898305084746
1780096230,2026-05-29T23:10:30,/accounts/{account_id},34.566101694915254
1780096245,2026-05-29T23:10:45,/accounts/{account_id},34.94237288135593
1780096260,2026-05-29T23:11:00,/accounts/{account_id},35.0135593220339
1780096275,2026-05-29T23:11:15,/accounts/{account_id},35.102051885273404
1780096290,2026-05-29T23:11:30,/accounts/{account_id},34.84406779661017
1780096305,2026-05-29T23:11:45,/accounts/{account_id},35.0135593220339
1780096320,2026-05-29T23:12:00,/accounts/{account_id},35.271186440677965
1780096335,2026-05-29T23:12:15,/accounts/{account_id},35.094915254237286
1780096350,2026-05-29T23:12:30,/accounts/{account_id},35.19322033898305
1780096365,2026-05-29T23:12:45,/accounts/{account_id},35.19661016949152
1780096380,2026-05-29T23:13:00,/accounts/{account_id},35.23389830508474
1780096395,2026-05-29T23:13:15,/accounts/{account_id},35.108474576271185
1780096410,2026-05-29T23:13:30,/accounts/{account_id},35.53220338983051
1780096425,2026-05-29T23:13:45,/accounts/{account_id},35.74576271186441
1780096440,2026-05-29T23:14:00,/accounts/{account_id},35.840677966101694
1780096455,2026-05-29T23:14:15,/accounts/{account_id},35.70508474576271
1780096470,2026-05-29T23:14:30,/accounts/{account_id},36.21694915254237
1780096485,2026-05-29T23:14:45,/accounts/{account_id},36.25084745762712
1780096500,2026-05-29T23:15:00,/accounts/{account_id},36.41016949152542
1780096515,2026-05-29T23:15:15,/accounts/{account_id},36.847457627118644
1780096530,2026-05-29T23:15:30,/accounts/{account_id},37.15593220338983
1780096545,2026-05-29T23:15:45,/accounts/{account_id},37.54915254237288
1780096560,2026-05-29T23:16:00,/accounts/{account_id},37.769491525423724
1780096575,2026-05-29T23:16:15,/accounts/{account_id},38.0271186440678
1780096590,2026-05-29T23:16:30,/accounts/{account_id},37.81016949152542
1780096605,2026-05-29T23:16:45,/accounts/{account_id},37.938983050847455
1780096620,2026-05-29T23:17:00,/accounts/{account_id},37.501694915254234
1780096635,2026-05-29T23:17:15,/accounts/{account_id},37.833898305084745
1780096650,2026-05-29T23:17:30,/accounts/{account_id},37.96610169491525
1780096665,2026-05-29T23:17:45,/accounts/{account_id},38.057627118644064
1780096680,2026-05-29T23:18:00,/accounts/{account_id},37.9728813559322
1780096695,2026-05-29T23:18:15,/accounts/{account_id},37.97627118644068
1780096710,2026-05-29T23:18:30,/accounts/{account_id},37.461016949152544
1780096725,2026-05-29T23:18:45,/accounts/{account_id},37.13898305084746
1780096740,2026-05-29T23:19:00,/accounts/{account_id},37.172881355932205
1780096755,2026-05-29T23:19:15,/accounts/{account_id},36.51864406779661
1780096770,2026-05-29T23:19:30,/accounts/{account_id},36.481355932203385
1780096785,2026-05-29T23:19:45,/accounts/{account_id},36.440677966101696
1780096800,2026-05-29T23:20:00,/accounts/{account_id},36.369491525423726
1780096815,2026-05-29T23:20:15,/accounts/{account_id},35.722033898305085
1780096830,2026-05-29T23:20:30,/accounts/{account_id},35.4
1780096845,2026-05-29T23:20:45,/accounts/{account_id},35.18305084745763
1780096860,2026-05-29T23:21:00,/accounts/{account_id},34.989830508474576
1780096875,2026-05-29T23:21:15,/accounts/{account_id},34.671186440677964
1780096890,2026-05-29T23:21:30,/accounts/{account_id},34.728813559322035
1780096905,2026-05-29T23:21:45,/accounts/{account_id},34.47457627118644
1780096920,2026-05-29T23:22:00,/accounts/{account_id},34.79322033898305
1780096935,2026-05-29T23:22:15,/accounts/{account_id},34.481355932203385
1780096950,2026-05-29T23:22:30,/accounts/{account_id},34.14915254237288
1780096965,2026-05-29T23:22:45,/accounts/{account_id},34.671186440677964
1780096980,2026-05-29T23:23:00,/accounts/{account_id},35.57627118644068
1780096995,2026-05-29T23:23:15,/accounts/{account_id},35.31186440677966
1780097010,2026-05-29T23:23:30,/accounts/{account_id},35.671186440677964
1780097025,2026-05-29T23:23:45,/accounts/{account_id},35.91525423728813
1780097040,2026-05-29T23:24:00,/accounts/{account_id},35.82372881355932
1780097055,2026-05-29T23:24:15,/accounts/{account_id},35.81694915254237
1780097070,2026-05-29T23:24:30,/accounts/{account_id},35.813559322033896
1780097085,2026-05-29T23:24:45,/accounts/{account_id},35.833898305084745
1780097100,2026-05-29T23:25:00,/accounts/{account_id},36.04406779661017
1780097115,2026-05-29T23:25:15,/accounts/{account_id},36.264406779661016
1780097130,2026-05-29T23:25:30,/accounts/{account_id},36.33898305084745
1780097145,2026-05-29T23:25:45,/accounts/{account_id},36.610169491525426
1780097160,2026-05-29T23:26:00,/accounts/{account_id},37.15593220338983
1780097175,2026-05-29T23:26:15,/accounts/{account_id},37.396610169491524
1780097190,2026-05-29T23:26:30,/accounts/{account_id},37.65423728813559
1780097205,2026-05-29T23:26:45,/accounts/{account_id},38.17627118644068
1780097220,2026-05-29T23:27:00,/accounts/{account_id},38.25423728813559
1780097235,2026-05-29T23:27:15,/accounts/{account_id},38.14576271186441
1780097250,2026-05-29T23:27:30,/accounts/{account_id},38.057627118644064
1780097265,2026-05-29T23:27:45,/accounts/{account_id},38.23050847457627
1780097280,2026-05-29T23:28:00,/accounts/{account_id},37.9864406779661
1780097295,2026-05-29T23:28:15,/accounts/{account_id},38.0135593220339
1780097310,2026-05-29T23:28:30,/accounts/{account_id},38.29491525423729
1780097325,2026-05-29T23:28:45,/accounts/{account_id},38.34915254237288
1780097340,2026-05-29T23:29:00,/accounts/{account_id},38.86440677966102
1780097355,2026-05-29T23:29:15,/accounts/{account_id},38.82372881355932
1780097370,2026-05-29T23:29:30,/accounts/{account_id},39.552542372881355
1780097385,2026-05-29T23:29:45,/accounts/{account_id},39.43728813559322
1780097400,2026-05-29T23:30:00,/accounts/{account_id},39.31864406779661
1780097415,2026-05-29T23:30:15,/accounts/{account_id},39.30508474576271
1780097430,2026-05-29T23:30:30,/accounts/{account_id},39.03389830508475
1780097445,2026-05-29T23:30:45,/accounts/{account_id},38.47457627118644
1780097460,2026-05-29T23:31:00,/accounts/{account_id},37.488135593220335
1780097475,2026-05-29T23:31:15,/accounts/{account_id},35.80677966101695
1780097490,2026-05-29T23:31:30,/accounts/{account_id},33.51186440677966
1780097505,2026-05-29T23:31:45,/accounts/{account_id},32.376271186440675
1780097520,2026-05-29T23:32:00,/accounts/{account_id},30.413559322033898
1780097535,2026-05-29T23:32:15,/accounts/{account_id},28.508474576271187
1780097550,2026-05-29T23:32:30,/accounts/{account_id},26.447457627118645
1780097565,2026-05-29T23:32:45,/accounts/{account_id},24.35593220338983
1780097580,2026-05-29T23:33:00,/accounts/{account_id},22.871186440677967
1780097595,2026-05-29T23:33:15,/accounts/{account_id},20.95593220338983
1780097610,2026-05-29T23:33:30,/accounts/{account_id},19.145762711864407
1780097625,2026-05-29T23:33:45,/accounts/{account_id},17.084745762711865
1780097640,2026-05-29T23:34:00,/accounts/{account_id},14.976271186440677
1780097655,2026-05-29T23:34:15,/accounts/{account_id},13.491525423728813
1780097670,2026-05-29T23:34:30,/accounts/{account_id},11.83728813559322
1780097685,2026-05-29T23:34:45,/accounts/{account_id},10.040677966101695
1780097700,2026-05-29T23:35:00,/accounts/{account_id},8.461016949152542
1780097715,2026-05-29T23:35:15,/accounts/{account_id},6.6169491525423725
1780097730,2026-05-29T23:35:30,/accounts/{account_id},5.064406779661017
1780097745,2026-05-29T23:35:45,/accounts/{account_id},3.6915254237288133
1780097760,2026-05-29T23:36:00,/accounts/{account_id},2.864406779661017
1780097775,2026-05-29T23:36:15,/accounts/{account_id},2.694915254237288
1780097790,2026-05-29T23:36:30,/accounts/{account_id},2.7220338983050847
1780097805,2026-05-29T23:36:45,/accounts/{account_id},2.8135593220338984
1780097820,2026-05-29T23:37:00,/accounts/{account_id},2.871186440677966
1780097835,2026-05-29T23:37:15,/accounts/{account_id},2.857627118644068
1780097850,2026-05-29T23:37:30,/accounts/{account_id},2.959322033898305
1780097865,2026-05-29T23:37:45,/accounts/{account_id},2.9796610169491524
1780097880,2026-05-29T23:38:00,/accounts/{account_id},2.9728813559322034
1780097895,2026-05-29T23:38:15,/accounts/{account_id},2.935593220338983
1780097910,2026-05-29T23:38:30,/accounts/{account_id},2.8949152542372882
1780097925,2026-05-29T23:38:45,/accounts/{account_id},2.8949152542372882
1780097940,2026-05-29T23:39:00,/accounts/{account_id},2.847457627118644
1780097955,2026-05-29T23:39:15,/accounts/{account_id},2.776271186440678
1780097970,2026-05-29T23:39:30,/accounts/{account_id},2.783050847457627
1780097985,2026-05-29T23:39:45,/accounts/{account_id},2.7389830508474575
1780098000,2026-05-29T23:40:00,/accounts/{account_id},2.752542372881356
1780098015,2026-05-29T23:40:15,/accounts/{account_id},2.7627118644067794
1780098030,2026-05-29T23:40:30,/accounts/{account_id},2.7322033898305085
1780098045,2026-05-29T23:40:45,/accounts/{account_id},2.6915254237288133
1780098060,2026-05-29T23:41:00,/accounts/{account_id},2.7220338983050847
1780098075,2026-05-29T23:41:15,/accounts/{account_id},2.854237288135593
1780098090,2026-05-29T23:41:30,/accounts/{account_id},2.877966101694915
1780098105,2026-05-29T23:41:45,/accounts/{account_id},2.9084745762711863
1780098120,2026-05-29T23:42:00,/accounts/{account_id},2.8169491525423727
1780098135,2026-05-29T23:42:15,/accounts/{account_id},2.8135593220338984
1780098150,2026-05-29T23:42:30,/accounts/{account_id},2.7627118644067794
1780098165,2026-05-29T23:42:45,/accounts/{account_id},2.7457627118644066
1780098180,2026-05-29T23:43:00,/accounts/{account_id},2.7254237288135594
1780098195,2026-05-29T23:43:15,/accounts/{account_id},2.769491525423729
1780098210,2026-05-29T23:43:30,/accounts/{account_id},2.7389830508474575
1780098225,2026-05-29T23:43:45,/accounts/{account_id},2.7220338983050847
1780098240,2026-05-29T23:44:00,/accounts/{account_id},2.7932203389830508
1780098255,2026-05-29T23:44:15,/accounts/{account_id},2.8135593220338984
1780098270,2026-05-29T23:44:30,/accounts/{account_id},2.854237288135593
1780098285,2026-05-29T23:44:45,/accounts/{account_id},2.9084745762711863
1780098300,2026-05-29T23:45:00,/accounts/{account_id},2.854237288135593
1780098315,2026-05-29T23:45:15,/accounts/{account_id},2.877966101694915
1780098330,2026-05-29T23:45:30,/accounts/{account_id},2.840677966101695
1780098345,2026-05-29T23:45:45,/accounts/{account_id},2.8813559322033897
1780098360,2026-05-29T23:46:00,/accounts/{account_id},2.8508474576271188
1780098375,2026-05-29T23:46:15,/accounts/{account_id},2.701694915254237
1780098390,2026-05-29T23:46:30,/accounts/{account_id},2.5966101694915253
1780098405,2026-05-29T23:46:45,/accounts/{account_id},2.542372881355932
1780098420,2026-05-29T23:47:00,/accounts/{account_id},2.549152542372881
1780098435,2026-05-29T23:47:15,/accounts/{account_id},2.488135593220339
1780098450,2026-05-29T23:47:30,/accounts/{account_id},2.5254237288135593
1780098465,2026-05-29T23:47:45,/accounts/{account_id},2.542372881355932
1780098480,2026-05-29T23:48:00,/accounts/{account_id},2.552542372881356
1780098495,2026-05-29T23:48:15,/accounts/{account_id},2.51864406779661
1780098510,2026-05-29T23:48:30,/accounts/{account_id},2.5762711864406778
1780098525,2026-05-29T23:48:45,/accounts/{account_id},2.5728813559322035
1780098540,2026-05-29T23:49:00,/accounts/{account_id},2.613559322033898
1780098555,2026-05-29T23:49:15,/accounts/{account_id},2.5762711864406778
1780098570,2026-05-29T23:49:30,/accounts/{account_id},2.5728813559322035
1780098585,2026-05-29T23:49:45,/accounts/{account_id},2.5762711864406778
1780098600,2026-05-29T23:50:00,/accounts/{account_id},2.5694915254237287
1780098615,2026-05-29T23:50:15,/accounts/{account_id},2.6508474576271186
1780098630,2026-05-29T23:50:30,/accounts/{account_id},2.6576271186440676
1780098645,2026-05-29T23:50:45,/accounts/{account_id},2.688135593220339
1780098660,2026-05-29T23:51:00,/accounts/{account_id},2.7423728813559323
1780098675,2026-05-29T23:51:15,/accounts/{account_id},2.759322033898305
1780098690,2026-05-29T23:51:30,/accounts/{account_id},2.7288135593220337
1780098705,2026-05-29T23:51:45,/accounts/{account_id},2.735593220338983
1780098720,2026-05-29T23:52:00,/accounts/{account_id},2.8271186440677964
1780098735,2026-05-29T23:52:15,/accounts/{account_id},2.8135593220338984
1780098750,2026-05-29T23:52:30,/accounts/{account_id},2.8033898305084746
1780098765,2026-05-29T23:52:45,/accounts/{account_id},2.8
1780098780,2026-05-29T23:53:00,/accounts/{account_id},2.7796610169491522
1780098795,2026-05-29T23:53:15,/accounts/{account_id},2.7559322033898304
1780098810,2026-05-29T23:53:30,/accounts/{account_id},2.7796610169491522
1780098825,2026-05-29T23:53:45,/accounts/{account_id},2.8440677966101693
1780098840,2026-05-29T23:54:00,/accounts/{account_id},2.840677966101695
1780098855,2026-05-29T23:54:15,/accounts/{account_id},2.8372881355932202
1780098870,2026-05-29T23:54:30,/accounts/{account_id},2.7627118644067794
1780098885,2026-05-29T23:54:45,/accounts/{account_id},2.7559322033898304
1780098900,2026-05-29T23:55:00,/accounts/{account_id},2.7423728813559323
1780098915,2026-05-29T23:55:15,/accounts/{account_id},2.698305084745763
1780098930,2026-05-29T23:55:30,/accounts/{account_id},2.705084745762712
1780098945,2026-05-29T23:55:45,/accounts/{account_id},2.613559322033898
1780098960,2026-05-29T23:56:00,/accounts/{account_id},2.6440677966101696
1780098975,2026-05-29T23:56:15,/accounts/{account_id},2.63728813559322
1780098990,2026-05-29T23:56:30,/accounts/{account_id},2.6644067796610167
1780099005,2026-05-29T23:56:45,/accounts/{account_id},2.6
1780099020,2026-05-29T23:57:00,/accounts/{account_id},2.5559322033898306
1780099035,2026-05-29T23:57:15,/accounts/{account_id},2.542372881355932
1780099050,2026-05-29T23:57:30,/accounts/{account_id},2.566101694915254
1780099065,2026-05-29T23:57:45,/accounts/{account_id},2.559322033898305
1780099080,2026-05-29T23:58:00,/accounts/{account_id},2.545762711864407
1780099095,2026-05-29T23:58:15,/accounts/{account_id},2.5932203389830506
1780099110,2026-05-29T23:58:30,/accounts/{account_id},2.5559322033898306
1780099125,2026-05-29T23:58:45,/accounts/{account_id},2.5152542372881355
1780099140,2026-05-29T23:59:00,/accounts/{account_id},2.5152542372881355
1780099155,2026-05-29T23:59:15,/accounts/{account_id},2.552542372881356
1780099170,2026-05-29T23:59:30,/accounts/{account_id},2.6
1780099185,2026-05-29T23:59:45,/accounts/{account_id},2.566101694915254
1780099200,2026-05-30T00:00:00,/accounts/{account_id},2.5050847457627117
